channel_name,title,views,upload_date,duration,url
MrBeast,100 People Vs World’s Biggest Trap!,45M views,2 days ago,30:43,/watch?v=3RmOvxilbPM
MrBeast,"I Saved 1,000 Animals From Dying",97M views,2 weeks ago,17:36,/watch?v=Oo9EbArcQ1c&pp=0gcJCQMKAYcqIYzv
MrBeast,100 Kids Vs World's Strongest Man!,122M views,1 month ago,27:21,/watch?v=oBXSvS2QKxU
MrBeast,Hi Me In 10 Years,48M views,1 month ago,3:14,/watch?v=F0OkwXKcPSE
MrBeast,"Would You Risk Dying For $500,000?",97M views,1 month ago,25:26,/watch?v=zo7i8VTpfNM
MrBeast,"Survive 30 Days Chained To Your Ex, Win $250,000",163M views,1 month ago,37:04,/watch?v=4l97aNza_Zc&pp=0gcJCQMKAYcqIYzv
MrBeast,"$1 vs $1,000,000,000 Nuclear Bunker!",124M views,2 months ago,17:18,/watch?v=_AbFXuGDRTs
MrBeast,"Survive 100 Days In Prison, Win $500,000",124M views,2 months ago,39:36,/watch?v=TDv56whosPQ
MrBeast,"2,000,000 People Get Clean Water For The First Time!",81M views,3 months ago,10:20,/watch?v=Z4hVGCWH1Kc
MrBeast,"Survive 100 Days Trapped In A Private Jet, Keep It",134M views,3 months ago,33:03,/watch?v=pzBi1nwDn8U
MrBeast,World's Fastest Car Vs Cheetah!,187M views,4 months ago,20:37,/watch?v=FWAdfuPpLOc
MrBeast,"Lose 100 LBs, Win $250,000!",209M views,4 months ago,36:50,/watch?v=pe_ejTiIcSs
MrBeast,"$1 vs $500,000 Date",148M views,5 months ago,17:22,/watch?v=hTSaweR8qMI
MrBeast,"Beat Neymar, Win $500,000",154M views,5 months ago,27:53,/watch?v=DZIASl9q90s
MrBeast,I Survived 100 Hours In An Ancient Temple,119M views,6 months ago,15:46,/watch?v=-4GmbBoYQjE
MrBeast,"Would You Risk Drowning for $500,000?",192M views,6 months ago,25:46,/watch?v=uyiG6uw-6pA
MrBeast,Click This Video To Feed 1 Person,73M views,6 months ago,10:29,/watch?v=figrl0aOULs
MrBeast,I Survived The 5 Deadliest Places On Earth,160M views,7 months ago,13:23,/watch?v=aKq8bkY5eTU
MrBeast,"Last to Leave Their Circle Wins $500,000",191M views,8 months ago,38:38,/watch?v=zajUgQLviwk
MrBeast,I Spent 100 Hours Inside The Pyramids!,219M views,9 months ago,21:43,/watch?v=NDsO1LT_0lw
MrBeast,Every Minute One Person Is Eliminated,146M views,9 months ago,34:46,/watch?v=sF5LYGgKbUA
MrBeast,"I Helped 2,000 People Walk Again",126M views,9 months ago,15:31,/watch?v=SM66GDRyIVY
MrBeast,"2,000 People Fight For $5,000,000",185M views,10 months ago,24:45,/watch?v=gs8qfL9PNac
MrBeast,"Beat Ronaldo, Win $1,000,000",332M views,11 months ago,22:45,/watch?v=0BjlBnfHcHM
MrBeast,"$1 vs $500,000 Experiences!",265M views,1 year ago,17:40,/watch?v=Xj0Jtjg3lHQ
MrBeast,7 Days Exploring An Underground City,167M views,1 year ago,20:35,/watch?v=bn0Kh9c4Zv4
MrBeast,"100 Identical Twins Fight For $250,000",182M views,1 year ago,35:40,/watch?v=snX5YyflrGw
MrBeast,"Men Vs Women Survive In The Wilderness For $500,000",209M views,1 year ago,31:48,/watch?v=aRcUVhVlSHg
MrBeast,7 Days Stranded In A Cave,164M views,1 year ago,17:59,/watch?v=ndAQfTzlVjc
MrBeast,"Survive 100 Days In Nuclear Bunker, Win $500,000",332M views,1 year ago,32:21,/watch?v=UPrkC1LdlLY
MrBeast,"50 YouTubers Fight For $1,000,000",420M views,1 year ago,41:27,/watch?v=4SNThp0YiU4
MrBeast,I Built 100 Houses And Gave Them Away!,232M views,1 year ago,9:36,/watch?v=KkCXLABwHP0
MrBeast,World’s Deadliest Obstacle Course!,380M views,1 year ago,28:25,/watch?v=PWirijQkH4M
MrBeast,"$10,000 Every Day You Survive In The Wilderness",327M views,1 year ago,26:10,/watch?v=U_LlX4t0A9I
MrBeast,"Protect The Yacht, Keep It!",164M views,1 year ago,15:08,/watch?v=F6PqxbvOCUI
MrBeast,In 10 Minutes This Room Will Explode!,162M views,1 year ago,10:00,/watch?v=Pv0iVoSZzN8
MrBeast,"Ages 1 - 100 Decide Who Wins $250,000",300M views,1 year ago,40:02,/watch?v=l-nMKJ5J3Uc
MrBeast,7 Days Stranded On An Island,434M views,1 year ago,22:26,/watch?v=erLbbextvlY
MrBeast,"Stop This Train, Win a Lamborghini",240M views,1 year ago,19:01,/watch?v=mKdjycj-7eE
MrBeast,I Survived 7 Days In An Abandoned City,315M views,1 year ago,17:24,/watch?v=tWYsfOSY9vY
MrBeast,"Face Your Biggest Fear To Win $800,000",356M views,1 year ago,22:03,/watch?v=KOEfDvr4DcQ
MrBeast,"$1 vs $250,000,000 Private Island!",358M views,1 year ago,16:59,/watch?v=krsBRQbOPQ4
MrBeast,"Protect $500,000 Keep It!",186M views,1 year ago,15:34,/watch?v=7ESeQBeikKs
MrBeast,I Spent 7 Days In Solitary Confinement,265M views,1 year ago,20:16,/watch?v=K_CbgLpvH9E
MrBeast,I Adopted 100 Dogs!,359M views,1 year ago,15:03,/watch?v=lOKASgtr6kU
MrBeast,"Survive 100 Days Trapped, Win $500,000",427M views,1 year ago,27:08,/watch?v=9RhWXPcKBI8
MrBeast,"$10,000 Every Day You Survive In A Grocery Store",470M views,1 year ago,21:32,/watch?v=tnTPaLOaHz8
MrBeast,"$1 vs $10,000,000 Job!",291M views,1 year ago,15:39,/watch?v=Wdjh81uH6FU
MrBeast,I Spent 7 Days Buried Alive,282M views,1 year ago,18:34,/watch?v=7dYTw-jAYkY
MrBeast,I Built 100 Wells In Africa,255M views,2 years ago,10:30,/watch?v=mwKJfNYwvm8
MrBeast,"10 People Vs World's Deadliest Laser Maze for $250,000",288M views,2 years ago,25:59,/watch?v=QjvpjXdgugA
MrBeast,"$1 vs $100,000,000 House!",388M views,2 years ago,17:03,/watch?v=3ryID_SwU5E
MrBeast,World's Most Dangerous Trap!,326M views,2 years ago,19:34,/watch?v=3OFj6l2tQ9s&pp=0gcJCQMKAYcqIYzv
MrBeast,"$1 vs $100,000,000 Car!",503M views,2 years ago,16:28,/watch?v=KrLj6nc516A
MrBeast,Lamborghini Vs World's Largest Shredder,254M views,2 years ago,14:59,/watch?v=vBpQ1SlfVtU
MrBeast,"Every Country On Earth Fights For $250,000!",247M views,2 years ago,18:13,/watch?v=J_z-W4UVHkw
MrBeast,"$1 vs $250,000 Vacation!",397M views,2 years ago,15:58,/watch?v=jObOjhUkf50&pp=0gcJCQMKAYcqIYzv
MrBeast,7 Days Stranded At Sea,398M views,2 years ago,18:05,/watch?v=yhB3BgJyGl8
MrBeast,Train Vs Giant Pit,283M views,2 years ago,10:36,/watch?v=fuhE6PYnRMc
MrBeast,"$1 vs $1,000,000,000 Yacht!",507M views,2 years ago,14:47,/watch?v=48h57PspBec
MrBeast,"Ages 1 - 100 Fight For $500,000",445M views,2 years ago,25:36,/watch?v=FM7Z-Xq8Drc
MrBeast,"1,000 Deaf People Hear For The First Time",205M views,2 years ago,6:14,/watch?v=WTOm65IZneg
MrBeast,World's Most Expensive Flights!,525M views,2 years ago,12:20,/watch?v=1WEAJ-DFkHE
MrBeast,I Paid A Real Assassin To Try To Kill Me,321M views,2 years ago,12:17,/watch?v=YLt73w6criQ
MrBeast,"1,000 Blind People See For The First Time",210M views,2 years ago,8:01,/watch?v=TJ2ifmkGGus
MrBeast,I Survived 50 Hours In Antarctica,247M views,2 years ago,12:10,/watch?v=7IKab3HcfFk
MrBeast,Hydraulic Press Vs Lamborghini,262M views,2 years ago,10:25,/watch?v=h5NvTTOlOtI
MrBeast,"100 Kids Fight Parents For $500,000",324M views,2 years ago,15:23,/watch?v=0CTp1a-aCUM
MrBeast,11 YouTubers Fight For Private Jet!,242M views,2 years ago,15:37,/watch?v=kX3nB4PpJko
MrBeast,"$1 vs $1,000,000 Hotel Room!",416M views,3 years ago,15:41,/watch?v=iogcY_4xGjo&pp=0gcJCQMKAYcqIYzv
MrBeast,"Survive 100 Days In Circle, Win $500,000",383M views,3 years ago,17:10,/watch?v=gHzuabZUd6c
MrBeast,I Hunted 100 People!,257M views,3 years ago,12:03,/watch?v=65fN_OUawjk
MrBeast,Can I Survive A Plane Crash?,227M views,3 years ago,8:14,/watch?v=jdMNoQE3mIQ
MrBeast,100 People Fight For A Private Island,249M views,3 years ago,15:31,/watch?v=2isYuQZMbdU
MrBeast,"100 Boys Vs 100 Girls For $500,000",285M views,3 years ago,16:53,/watch?v=tVWWp1PqDus
MrBeast,I Didn’t Eat Food For 30 Days,125M views,3 years ago,13:04,/watch?v=vaIgyRoUkQI
MrBeast,I Built Willy Wonka's Chocolate Factory!,363M views,3 years ago,16:11,/watch?v=Hwybp38GnZw
MrBeast,"$10,000 Every Day You Survive Prison",243M views,3 years ago,13:59,/watch?v=hD1YtmKXNb4
MrBeast,"Would You Swim With Sharks For $100,000?",205M views,3 years ago,9:01,/watch?v=LnlKwzc_TNA
MrBeast,World’s Most Dangerous Escape Room!,288M views,3 years ago,8:01,/watch?v=3jS_yEK8qVI&pp=0gcJCQMKAYcqIYzv
MrBeast,"Extreme $1,000,000 Hide And Seek",109M views,3 years ago,12:09,/watch?v=00NgUctWoLQ
MrBeast,"World's Biggest YouTubers Fight for $1,000,000",103M views,3 years ago,12:05,/watch?v=x9TQ6culXIA
MrBeast,I Got Hunted By The Military,255M views,3 years ago,10:27,/watch?v=QbJJwaVdgIs
MrBeast,"$456,000 Squid Game In Real Life!",884M views,3 years ago,25:42,/watch?v=0e3GPea1Tyg
MrBeast,I Cleaned The World’s Dirtiest Beach #TeamSeas,133M views,4 years ago,4:55,/watch?v=cV2gBU6hKfY&pp=0gcJCQMKAYcqIYzv
MrBeast,"Last To Take Hand Off Lamborghini, Keeps It",198M views,4 years ago,15:08,/watch?v=qIsgdOVGA04
MrBeast,"First To Rob Bank Wins $100,000",210M views,4 years ago,8:02,/watch?v=cExLQ1o2pDw
MrBeast,"Extreme $500,000 Game Of Tag!",225M views,4 years ago,12:33,/watch?v=uocETPj4Jx4
MrBeast,"Last To Leave Circle Wins $500,000",538M views,4 years ago,17:44,/watch?v=zxYjTTXc-J8
MrBeast,I Got Hunted By The FBI,258M views,4 years ago,15:51,/watch?v=hxwpkM5w3Cc
MrBeast,"If You Can Carry $1,000,000 You Keep It!",256M views,4 years ago,10:07,/watch?v=ktyJIj6i4Qw
MrBeast,"Would You Quit School For $100,000?",187M views,4 years ago,10:12,/watch?v=urtFrxDUV6c
MrBeast,I Survived 50 Hours In A Maximum Security Prison,291M views,4 years ago,12:34,/watch?v=nM89Wl03Q4g
MrBeast,"Hit The Target, Win $300,000",213M views,4 years ago,13:17,/watch?v=NZlClr_ivb4
MrBeast,Anything You Can Fit In The Triangle I’ll Pay For,261M views,4 years ago,16:08,/watch?v=E6E22XQPhhg&pp=0gcJCQMKAYcqIYzv
MrBeast,I Got Hunted By A Real Bounty Hunter,234M views,4 years ago,13:28,/watch?v=TQHEJj68Jew
MrBeast,"Extreme $100,000 Game of Tag!",266M views,4 years ago,16:39,/watch?v=WcwGleN38zE
MrBeast,"Would You Sit In Snakes For $10,000?",372M views,4 years ago,14:07,/watch?v=fMfipiV_17o
MrBeast,"I Bought The World's Largest Mystery Box! ($500,000)",289M views,4 years ago,10:50,/watch?v=ayXxwJJId_c
MrBeast,I Spent 50 Hours Buried Alive,337M views,4 years ago,12:40,/watch?v=9bqk6ZUsKyA
MrBeast,"Offering People $100,000 To Quit Their Job",168M views,4 years ago,10:27,/watch?v=DuQbOQwVaNE
MrBeast,I Sold My House For $1,182M views,4 years ago,9:20,/watch?v=vJH28ICkCdU&pp=0gcJCQMKAYcqIYzv
MrBeast,"I Donated $300,000 To People In Need",56M views,4 years ago,10:54,/watch?v=_uwNDiU04zE&pp=0gcJCQMKAYcqIYzv
MrBeast,"I Ate $100,000 Golden Ice Cream",297M views,4 years ago,13:17,/watch?v=C680oxL__ck
MrBeast,I Bought Everything In 5 Stores,203M views,4 years ago,13:50,/watch?v=5Fg9oZk-5uA
MrBeast,YOUTUBE REWIND: 2020,73M views,4 years ago,6:31,/watch?v=PKtnafFtfEo
MrBeast,"I Put 1,000,000,000 Christmas Lights On A House (World Record)",132M views,4 years ago,11:22,/watch?v=f0c7pSCoZqE
MrBeast,I Opened A Restaurant That Pays You To Eat At It,202M views,4 years ago,9:32,/watch?v=dg2Ag3e8W-Q
MrBeast,"I Gave People $1,000,000 But ONLY 1 Minute To Spend It!",237M views,4 years ago,14:18,/watch?v=LeYsRMZFUq0
MrBeast,"Steal This $100,000 Diamond, You Keep It",229M views,4 years ago,14:03,/watch?v=Dc2ZRmuH5OM
MrBeast,"Press This Button To Win $100,000!",354M views,4 years ago,15:11,/watch?v=GLoeAJUcz38&pp=0gcJCQMKAYcqIYzv
MrBeast,I Survived 24 Hours Straight In Ice,181M views,5 years ago,11:34,/watch?v=SZQhgExjBvQ
MrBeast,I Uber’d People And Let Them Keep The Car,151M views,5 years ago,14:11,/watch?v=IoZri9hq7z4
MrBeast,I Filled My Brother’s House With Slime & Bought Him A New One,257M views,5 years ago,9:25,/watch?v=vp5sSqyZ5Go
MrBeast,Hi Me In 5 Years,145M views,5 years ago,2:08,/watch?v=AKJfakEsgy0
MrBeast,"Would You Rather Have A Giant Diamond or $100,000?",202M views,5 years ago,12:24,/watch?v=Vl3swga-Xrk&pp=0gcJCQMKAYcqIYzv
MrBeast,"I Gave My 40,000,000th Subscriber 40 Cars",208M views,5 years ago,17:11,/watch?v=UE5AHE2Ypr8
MrBeast,Why I Haven’t Been Uploading,59M views,5 years ago,5:54,/watch?v=TDiXxsQ0w2Q&pp=0gcJCQMKAYcqIYzv
MrBeast,"Get This Random Person 1,000,000 Subscribers",87M views,5 years ago,14:05,/watch?v=oD155zWANQg
MrBeast,Would YOU Rather Have A Lamborghini or This House?,229M views,5 years ago,18:26,/watch?v=s1ax8Tx_Jz0
MrBeast,"Last To Leave $800,000 Island Keeps It",291M views,5 years ago,21:15,/watch?v=NkE0AMGzpJY
MrBeast,I Bought A Private Island,182M views,5 years ago,11:37,/watch?v=FbM1yi4mMMc
MrBeast,"I Spent $1,000,000 On Lottery Tickets and WON",149M views,5 years ago,10:13,/watch?v=5V2B28OqfqM
MrBeast,I Ate The World’s Largest Slice Of Pizza,319M views,5 years ago,8:03,/watch?v=Rj_vssRaZlQ
MrBeast,I Adopted EVERY Dog In A Dog Shelter,273M views,5 years ago,16:04,/watch?v=YQDDm9HLkV4
MrBeast,"$1 vs $100,000 Firework!",255M views,5 years ago,11:09,/watch?v=erQ_9yEz0ls
MrBeast,I Broke Into A House,207M views,5 years ago,14:02,/watch?v=OAbP-V6fEVc
MrBeast,"Would You Rather Have $100,000 OR This Mystery Key?",274M views,5 years ago,17:55,/watch?v=_qAJMXfL6o0
MrBeast,I Built The World's Largest Lego Tower,213M views,5 years ago,13:56,/watch?v=59AYXzCa-Cs&pp=0gcJCQMKAYcqIYzv
MrBeast,I Spent 50 Hours In Solitary Confinement,338M views,5 years ago,15:52,/watch?v=r7zJ8srwwjk
MrBeast,If You Click This Video I'll Give My Friend .001$,227M views,5 years ago,17:21,/watch?v=YSoJPA8-oHc
MrBeast,"I Gave $200,000 To People Who Lost Their Jobs (Corona Virus)",47M views,5 years ago,15:19,/watch?v=5Hg_QSIJm8I
MrBeast,Videos I Could Not Upload...,173M views,5 years ago,13:32,/watch?v=gsWPpE4Rid0
MrBeast,I Spent 24 Hours In A Doomsday Bunker,228M views,5 years ago,11:59,/watch?v=HBMmK1c44sE
MrBeast,"Giving $1,000,000 Of Food To People In Need",68M views,5 years ago,12:29,/watch?v=oBYbxw8f5OI&pp=0gcJCQMKAYcqIYzv
MrBeast,I Ran A Marathon In The World's Largest Shoes,187M views,5 years ago,13:49,/watch?v=AiGKBNGlzHo
MrBeast,"$70,000 Extreme Hide And Seek - Challenge",160M views,5 years ago,17:21,/watch?v=_mdKvblL_8s
MrBeast,Anything You Can Fit In The Circle I’ll Pay For,327M views,5 years ago,19:43,/watch?v=yXWw0_UfSFg
MrBeast,"I Ate A $70,000 Golden Pizza",281M views,5 years ago,12:36,/watch?v=F4Y3Pkn95GI
MrBeast,"Lambo Race, Winner Keeps Lambo",150M views,5 years ago,14:48,/watch?v=KSKJKLmAqpI
MrBeast,I Gave My Credit Card To Random People,200M views,5 years ago,16:48,/watch?v=IYVjOfoU3uI
MrBeast,"Get Every Boy Scout Badge, Win $10,000",130M views,5 years ago,13:38,/watch?v=oI6aXhowFDY
MrBeast,"$60,000 Extreme Hide And Seek - Challenge",175M views,5 years ago,17:59,/watch?v=LdMx2U5tby0
MrBeast,"How I Gained 15,000,000 Subscribers In 1 Year",19M views,5 years ago,6:34,/watch?v=fY-LA3YaZ_M
MrBeast,Important Youtube Announcement (please watch),39M views,5 years ago,2:35,/watch?v=0hVZOJCYBBM
MrBeast,"Giving 10,000 Presents To Kids For Christmas",81M views,5 years ago,13:48,/watch?v=Z9WQy9jEY8M
MrBeast,"Spending $1,000,000 In 24 Hours",206M views,5 years ago,15:10,/watch?v=bs0SWXbty18
MrBeast,"Last To Take Hand Off $1,000,000 Keeps It",148M views,5 years ago,15:17,/watch?v=yeqARWqjkps&pp=0gcJCQMKAYcqIYzv
MrBeast,"Last To Stop Riding Bike Wins $1,000,000 (Part 4)",68M views,5 years ago,11:45,/watch?v=wMuYiLby3-s
MrBeast,"Last To Leave Toilet Wins $1,000,000 (Part 3)",104M views,5 years ago,15:46,/watch?v=NbaWrbJDr48
MrBeast,I Ordered Pizza And Tipped The House,158M views,5 years ago,12:50,/watch?v=sfv1QaRzJg8
MrBeast,"Last to Stop Swinging Wins $1,000,000 (Part 2)",147M views,5 years ago,13:03,/watch?v=RwnN2FVaHmw
MrBeast,"$50,000 Game Of Extreme Hide And Seek - Challenge",168M views,5 years ago,13:48,/watch?v=X1jMMFOqxEw&pp=0gcJCQMKAYcqIYzv
MrBeast,I Opened A FREE BANK,128M views,5 years ago,10:52,/watch?v=ORUX1lHbOa8
MrBeast,"Going Around A Ferris Wheel 1,000 Times Straight",133M views,5 years ago,12:56,/watch?v=LU_xVr4b2qM
MrBeast,"Last To Fall Wins $1,000,000 (Part 1)",168M views,5 years ago,16:57,/watch?v=tQ4m4zD7BBA
MrBeast,Surviving 24 Hours Straight In The Bermuda Triangle,264M views,6 years ago,11:41,/watch?v=D9lVNzyhYnc
MrBeast,"I Spent $100,000 On Lottery Tickets And Won!",58M views,6 years ago,15:10,/watch?v=jokVbbLqV_E
MrBeast,"Planting 20,000,000 Trees, My Biggest Project Ever!",117M views,6 years ago,7:23,/watch?v=HPJKxAhLw5I
MrBeast,"Last To Take Hand Off Boat, Keeps It",136M views,6 years ago,16:48,/watch?v=Ims5p6wjW9s
MrBeast,"I Searched 100 Dumpsters, Here's What I Found",230M views,6 years ago,17:09,/watch?v=anFxsa5jXrE&pp=0gcJCQMKAYcqIYzv
MrBeast,"Going Through The Same Drive Thru 1,000 Times",310M views,6 years ago,15:38,/watch?v=QxGVgXf_LNk
MrBeast,"Donating $100,000 To Random Streamers",67M views,6 years ago,14:46,/watch?v=al6130OD1Ck
MrBeast,Surviving 24 Hours Straight In A Rain Forest,144M views,6 years ago,13:09,/watch?v=d1010B3sKNQ
MrBeast,"Last To Leave Ramen Noodle Pool Wins $20,000",78M views,6 years ago,14:32,/watch?v=NS3hse9ezik
MrBeast,"Anything You Can Carry, I'll Pay For #2",91M views,6 years ago,13:59,/watch?v=npDey6_9YRs
MrBeast,"I Gave My Brother 24 Hours To Spend $100,000",108M views,6 years ago,13:08,/watch?v=0NGWT9COcEI
MrBeast,I Opened A Free Car Dealership,153M views,6 years ago,15:20,/watch?v=3LLnjRLrvLU
MrBeast,"Last To Leave Pool Of $20,000 Keeps It",186M views,6 years ago,16:39,/watch?v=bTrV5v7GLcQ
MrBeast,Surviving 24 Hours On A Deserted Island,212M views,6 years ago,13:52,/watch?v=lBYC4_Lccjw
MrBeast,"Last To Leave Roller Coaster Wins $20,000 - Challenge",167M views,6 years ago,15:07,/watch?v=gL6iSCSHjco
MrBeast,I Won Every Prize At A Theme Park,187M views,6 years ago,13:22,/watch?v=UQtltNZ_pjs&pp=0gcJCQMKAYcqIYzv
MrBeast,Destroying My Friend's Car And Surprising Him With A New One,115M views,6 years ago,14:43,/watch?v=0DaMUhgcAqo
MrBeast,I Spent 24 Hours Straight At Area 51,192M views,6 years ago,15:15,/watch?v=TOcGSwJBPMQ
MrBeast,"Can 50,000 Magnets Catch A Cannon Ball?",135M views,6 years ago,9:29,/watch?v=ws694xrKopA
MrBeast,World's Largest Game Of Dodgeball,93M views,6 years ago,11:17,/watch?v=UtnsWzaoRtg
MrBeast,"Last To Leave Revolving Door Wins $50,000",169M views,6 years ago,13:44,/watch?v=6wsFjjhZPJI&pp=0gcJCQMKAYcqIYzv
MrBeast,Tipping Waitresses With Real Gold Bars,70M views,6 years ago,12:07,/watch?v=Rmf6T_Ewt38&pp=0gcJCQMKAYcqIYzv
MrBeast,I Opened The World's First FREE Store,97M views,6 years ago,14:51,/watch?v=n6qc4LHN2KQ
MrBeast,Spending 24 Hours On Top Of A Mountain,229M views,6 years ago,15:24,/watch?v=2eFSU7TFOnk
MrBeast,"Last To Leave VR Wins $20,000",169M views,6 years ago,14:18,/watch?v=RCvnytndd9c
MrBeast,"Last To Stop Running Wins $20,000",123M views,6 years ago,14:58,/watch?v=AA-VpIj8F5Y
MrBeast,"Paying People $10,000 To Eat Ghost Pepper",40M views,6 years ago,14:46,/watch?v=fWcSBWadolA&pp=0gcJCQMKAYcqIYzv
MrBeast,24 Hours In The Most Haunted Place On Earth,152M views,6 years ago,15:07,/watch?v=YyhKdOCwD7s
MrBeast,I Bought Everything In A Store - Challenge,166M views,6 years ago,16:56,/watch?v=ha4tRQwKIUg
MrBeast,"Last To Leave World's Largest Bowl Of Cereal Wins $10,000",258M views,6 years ago,15:42,/watch?v=xRwy_rKc7gI
MrBeast,Spending 24 Hours In A City With No Laws,187M views,6 years ago,14:29,/watch?v=H1WBdh56Vq4
MrBeast,"Giving $10,000 To Random People And Saying Nothing",83M views,6 years ago,15:59,/watch?v=xhIYirjB4Yc
MrBeast,Molten Lava Vs Giant Ice Block Experiment,100M views,6 years ago,7:38,/watch?v=HfJMs4mrSJM
MrBeast,"Anything You Can Carry, I'll Pay For Challenge",93M views,6 years ago,15:09,/watch?v=tYHTVjfShOA
MrBeast,Homeless Man Buys A Lamborghini,200M views,6 years ago,14:20,/watch?v=JTQcIR2ZxU4
MrBeast,Playing Battleship With Real Ships,38M views,6 years ago,15:32,/watch?v=xpNeg0hPZIs
MrBeast,"Donating $100,000 To Shroud In Real Life",32M views,6 years ago,14:14,/watch?v=9yrdFAJUSaU
MrBeast,"Last To Leave The Tesla, Keeps It Challenge",121M views,6 years ago,18:29,/watch?v=i2O6GMpNWGo
MrBeast,"Donating $100,000 To Streamers With 0 Viewers",109M views,6 years ago,14:37,/watch?v=Y6jC6VaO3j0
MrBeast,Surviving 24 Hours Straight In A Desert,185M views,6 years ago,14:04,/watch?v=Ooke4YZv8Ts
MrBeast,"$200,000 Youtuber Battle Royale",56M views,6 years ago,13:36,/watch?v=ZV7rU6lnAKQ
MrBeast,Surprising Strangers With 100 Zombies - Experiment,61M views,6 years ago,9:49,/watch?v=iUzi5JmJNWc
MrBeast,I Gave A Homeless Man A Home,87M views,6 years ago,12:57,/watch?v=9cCpZl8euLI
MrBeast,Standing Still For 24 Hours Straight - Statue Challenge,125M views,6 years ago,18:16,/watch?v=I046_n20d3s
MrBeast,Giant Monopoly Game With Real Money,135M views,6 years ago,14:55,/watch?v=2nd73lyvq4w
MrBeast,I Spent 24 Hours Straight In Insane Asylum,123M views,6 years ago,15:56,/watch?v=nuM0Z4a7kMs
MrBeast,I Advertised Pewdiepie At The Super Bowl,45M views,6 years ago,12:45,/watch?v=qPBtTPJHS0Q
MrBeast,"Pass All 12 Grades, Win $10,000",232M views,6 years ago,17:31,/watch?v=A-vX1AGBGsc
MrBeast,I Opened The World’s Cheapest Store,41M views,6 years ago,15:19,/watch?v=IiW2smvEcBM&pp=0gcJCQMKAYcqIYzv
MrBeast,I Put 10 Million Legos in Friend's House,117M views,6 years ago,15:17,/watch?v=q6Qw8mUVTrE
MrBeast,Make This Video The Most Liked Video On Youtube,155M views,6 years ago,13:11,/watch?v=dBxOYE2j55U
MrBeast,"20,000 Magnets Vs A Car",34M views,6 years ago,12:03,/watch?v=984NGLLYDUg
MrBeast,"Eating A $10,000 Golden Steak (24k Gold)",161M views,6 years ago,16:30,/watch?v=7zi0bi-RDj4
MrBeast,Last To Take Hand Off House Keeps It!,101M views,6 years ago,17:30,/watch?v=XaxhLbxZ13k
MrBeast,"I Gave Him One Hour To Spend $100,000!",83M views,6 years ago,13:45,/watch?v=L8nh1wuXTbI
MrBeast,"How I Gave Away $1,000,000",14M views,6 years ago,15:14,/watch?v=9-HphHIJS9c
MrBeast,"Giving $100,000 To A Homeless Person",31M views,6 years ago,14:44,/watch?v=rPXmbM2UEbU
MrBeast,I Spent 24 Hours Straight In Prison - Challenge,119M views,6 years ago,13:01,/watch?v=sESRuTyfsEk
MrBeast,Donating $10000 To Pewdiepie,47M views,6 years ago,15:15,/watch?v=QapO3maXd9k
MrBeast,"Last Youtuber To Leave Wins $100,000 - Challenge",106M views,6 years ago,24:39,/watch?v=71VpdDb8e6U
MrBeast,I Put Millions Of Pennies In My Friends Backyard,188M views,6 years ago,14:41,/watch?v=Su34c5Z8DW4
MrBeast,Surprising TFue With A Fortnite Battle Bus In Real Life,103M views,6 years ago,14:25,/watch?v=e5DqdX-7_g4
MrBeast,I Built A Giant House Using Only Legos,65M views,6 years ago,13:49,/watch?v=9vB-48kHbBU
MrBeast,"Last To Leave Slime Pit Wins $20,000 - Challenge",150M views,6 years ago,17:50,/watch?v=3ix_gbcubTo&pp=0gcJCQMKAYcqIYzv
MrBeast,"Saying Pewdiepie 100,000 Times",26M views,6 years ago,11:48:40,/watch?v=mGIpOtncmSM
MrBeast,Destroyed Friend's House And Bought Him A New One,43M views,6 years ago,14:38,/watch?v=VqnQ-0q2gb4
MrBeast,I Put 100 Million Orbeez In My Friend's Backyard,246M views,6 years ago,14:45,/watch?v=3TflpIllQHY
MrBeast,"Spending $40,000 In One Hour Challenge",44M views,6 years ago,14:03,/watch?v=1SwVSTKFCsc
MrBeast,"Giving My 10,000,000th Subscriber 10,000,000 ___",29M views,6 years ago,18:19,/watch?v=ZPuEUe_8SRM
MrBeast,"$10,000 Games Of Rock Paper Scissors",18M views,7 years ago,13:07,/watch?v=gKVZz4kcuns
MrBeast,"You Pick The Right Cup, You Win $100,000!",36M views,7 years ago,17:35,/watch?v=xBP9EUQIkNs
MrBeast,I Bought Every Billboard In My City For This,38M views,7 years ago,15:31,/watch?v=qZNxvnQv0h4
MrBeast,"Ordering Water Then Tipping $30,000",46M views,7 years ago,11:45,/watch?v=uE6gud1voDs
MrBeast,"I Spent $50,000 On Lottery Tickets And Won ____",31M views,7 years ago,16:54,/watch?v=f0M64XpmTz8
MrBeast,"Last To Leave Circle Wins $10,000 - Challenge",98M views,7 years ago,16:36,/watch?v=Gz3yak1cl-8
MrBeast,I Spent 24 Hours Straight In Slime,44M views,7 years ago,14:38,/watch?v=9GD6hbqu2oM
MrBeast,"Surprising Tfue With $10,000 Live - Fortnite",75M views,7 years ago,15:23,/watch?v=GUWGsIVEMSQ
MrBeast,"I Spent $30,000 On Lottery Tickets And Won ____",17M views,7 years ago,17:32,/watch?v=wDqJZ_2ZA3A
MrBeast,Flat Earth PROVEN By Independent Research,28M views,7 years ago,11:52,/watch?v=RywkkwO78m8
MrBeast,Things That SHOULDN'T Be Sold On Amazon,152M views,7 years ago,14:06,/watch?v=P4qWhSZ7_WA
MrBeast,"Surprising My 8,000,000th Subscriber With 8,000,000 ___",37M views,7 years ago,18:52,/watch?v=UlUcwJc5nBs&pp=0gcJCQMKAYcqIYzv
MrBeast,"I Donated $25,000 To Random Kids Streaming Fortnite",65M views,7 years ago,17:37,/watch?v=qAW6CE7_bFM
MrBeast,I Hope This Magic Trick Works,43M views,7 years ago,16:22,/watch?v=tBEBc4KQVsU
MrBeast,Can A Glowing 1000 Degree Sword Slice A Car In Half?,70M views,7 years ago,9:58,/watch?v=q0OK-zHnvnA
MrBeast,Rocket League In Real Life!,28M views,7 years ago,12:55,/watch?v=bFZdU9dr4OM
MrBeast,Destroying My Friend's Car And Surprising Him With A New One - Slime,121M views,7 years ago,16:11,/watch?v=nd-bwvNB7YA
MrBeast,Spending 24 Hours Straight Under Water Challenge,145M views,7 years ago,15:11,/watch?v=6_im_hGxGRk&pp=0gcJCQMKAYcqIYzv
MrBeast,"Attempting The Impossible Maze - $10,000 Challenge",57M views,7 years ago,19:47,/watch?v=b91vrgVY-ZQ
MrBeast,"Donating $100,000 To A Random Fortnite Streamer",53M views,7 years ago,22:57,/watch?v=52ubXjlVzUY
MrBeast,Moving 10 Pounds Using ONLY Sound,45M views,7 years ago,13:46,/watch?v=XHb7g6yuGgE
MrBeast,Returning Destroyed Rental Cars Prank,37M views,7 years ago,10:30,/watch?v=rH1D_3G56DY
MrBeast,"I Gave My 6,000,000th Subscriber 6,000,000 ____",17M views,7 years ago,18:33,/watch?v=-0zoWMSEOGg
MrBeast,"Can 1,000 Fans At Max Speed Push A Car?",28M views,7 years ago,11:53,/watch?v=WRzIuC2MKOU
MrBeast,"I Donated $50,000 To Ninja - Fortnite",98M views,7 years ago,21:26,/watch?v=foLlul8Tl3E
MrBeast,I Ubered Random People In A Tank,30M views,7 years ago,10:04,/watch?v=3iaDrpKdaIc
MrBeast,World's Hottest Substance Vs Coldest Substance,96M views,7 years ago,11:52,/watch?v=qrIh-ZHN4-E
MrBeast,The Real Way Dinosaurs Went Extinct,29M views,7 years ago,5:51,/watch?v=mpZWt5pGKZ8
MrBeast,I Donated $1000 Every Time She Blinked - Fortnite Streamers,21M views,7 years ago,15:46,/watch?v=vbph9F_pRNI
MrBeast,Do Water Repellent Shoes Actually Work?,132M views,7 years ago,11:38,/watch?v=wbzD04leeLI
MrBeast,"We Drove 3,000 Miles For The World's Best Burger",54M views,7 years ago,13:49,/watch?v=MC5h-ShR-S8
MrBeast,"I Gave My 5,000,000th Subscriber 5,000,000 ______",11M views,7 years ago,11:31,/watch?v=dp8IaLrZpGs
MrBeast,I Made Money Grow On Trees,17M views,7 years ago,10:34,/watch?v=97Gh93Daio0
MrBeast,I Took Apart My Friends Car And Put It In His Room,15M views,7 years ago,10:16,/watch?v=t4OumncEiKo
MrBeast,How Many Rubber Bands Does It Take To Snap A Safe?,37M views,7 years ago,10:16,/watch?v=Ejou8aa5eZk
MrBeast,Pulling Cars Over Using A Toy Police Car,24M views,7 years ago,13:17,/watch?v=ehEuczQUh8E
MrBeast,"I Gave $500,000 To Random People",15M views,7 years ago,15:03,/watch?v=uBC7805Smsg
MrBeast,How Many Toy Cars Does It Take To Pull A Real Car?,41M views,7 years ago,11:48,/watch?v=d8pJkuSp1iI
MrBeast,"I Gave $20,000 To People From An Ice Cream Truck",14M views,7 years ago,13:42,/watch?v=dFr5YQaQQdo&pp=0gcJCQMKAYcqIYzv
MrBeast,$10000 Ice Sculpture Vs Flame,23M views,7 years ago,15:09,/watch?v=xBLxMfO3pDw
MrBeast,"Can 1,000 Rolls Of Duct Tape Stop A Car??",26M views,7 years ago,10:23,/watch?v=d7QmQtNwhcU
MrBeast,Winning A Game Of Fortnite In The Middle Of The Ocean,31M views,7 years ago,9:44,/watch?v=NZR4WEjpOQg
MrBeast,I Flew Using Only Balloons AND Leaf Blowers,32M views,7 years ago,11:18,/watch?v=vETSAZgfDP4
MrBeast,"I Donated $40,000 To A Random Twitch Fortnite Streamer (world record)",24M views,7 years ago,24:43,/watch?v=zE3FLbpu9-Q
MrBeast,Destroying My Friend's Car And Surprising Him With A New One,39M views,7 years ago,15:12,/watch?v=Izmibu7dxcs
MrBeast,Walking Up To Random People With 100 StormTroopers,20M views,7 years ago,10:04,/watch?v=2Pvt8awds44
MrBeast,"I Donated $10,000 If They Said This Word (Twitch Streamers)",20M views,7 years ago,13:05,/watch?v=n9BbAfbsyj0
MrBeast,"Giving My 4,000,000th Subscriber 4,000,000 Cookies",13M views,7 years ago,10:41,/watch?v=WZ2rYlVxt4g
MrBeast,"I Tipped Waitresses $20,000",14M views,7 years ago,12:24,/watch?v=CWK6an4mYL0
MrBeast,Walking Into Random Stores With 100 Dinosaurs,33M views,7 years ago,10:12,/watch?v=VwWV4JelEzY
MrBeast,I Built A Mansion Using Only Cardboard Boxes,25M views,7 years ago,7:08,/watch?v=koRKIlRQj4g
MrBeast,Breaking Glass Using Only Megaphones,54M views,7 years ago,8:54,/watch?v=XKFKPQHdWRI
MrBeast,Tying My Shoes In Every State (World Record),18M views,7 years ago,15:10,/watch?v=yuGEB4ZZdUQ
MrBeast,"Donating $10,000 To Fortnite Streamers If They Win",11M views,7 years ago,14:31,/watch?v=szt8xabJoSo
MrBeast,Trying To Fly Using Only Leaf Blowers,18M views,7 years ago,13:02,/watch?v=Fbl3E_XCQfA
MrBeast,"Giving 3,000,000 Pennies To My 3,000,000th Subscriber",8.8M views,7 years ago,10:10,/watch?v=Pe3pGsCeYXg
MrBeast,"I Donated $30,000 To My Favorite Twitch Streamer (ninja)",36M views,7 years ago,11:17,/watch?v=yzGmnjDFuZE
MrBeast,I Bought An Expensive Car Using Only $1 Bills,37M views,7 years ago,10:29,/watch?v=l_huIWJBhJM
MrBeast,I Bought The World's Most Expensive Apps ($10k),27M views,7 years ago,10:19,/watch?v=7ALCsEyn3mg
MrBeast,We Delivered 100 Pizzas To Random Houses,9.2M views,7 years ago,10:03,/watch?v=CvMRiR4k49Y
MrBeast,"I Donated $30,000 To A Random Twitch Streamer (world record)",32M views,7 years ago,18:26,/watch?v=g2rbhIB-ITM
MrBeast,I Bought A Car Using Only Pennies,26M views,7 years ago,12:08,/watch?v=nLpqZEAFnkE
MrBeast,I Bought One Snickers Bar From Every Walmart,45M views,7 years ago,10:08,/watch?v=sirrTXiPFmw
MrBeast,Donating Big Donations To Twitch Streamers!!!,27M views,7 years ago,18:38,/watch?v=nRkwuTOESCc
MrBeast,I Can't Believe I Found This Stuff On Amazon..,31M views,7 years ago,7:08,/watch?v=AS6WMS_Bemg
MrBeast,"Saying ""Keep Net Neutrality"" For 10 Hours",2.4M views,7 years ago,10:00:02,/watch?v=wMn8d7IeCYM
MrBeast,Life Hacks You Need To Know,7.4M views,7 years ago,6:50,/watch?v=BMZP4CtphaU
MrBeast,"Giving My Mom $100,000 (Proudest Day Of My Life)",32M views,7 years ago,11:08,/watch?v=93s1JECSy60
MrBeast,"2,256 Miles In One Uber Ride (World Record)",43M views,8 years ago,10:08,/watch?v=YR6Wh2Zy9jE
MrBeast,i'm really sorry,5.9M views,8 years ago,3:11,/watch?v=5PCxQSMOl3o&pp=0gcJCQMKAYcqIYzv
MrBeast,Hi Me In Two Years (Made Two Years Ago),13M views,8 years ago,1:50,/watch?v=5qzAVMe_SnM&pp=0gcJCQMKAYcqIYzv
MrBeast,"Tipping Uber Drivers $10,000",4.6M views,8 years ago,11:14,/watch?v=zAAXW7ySu1k
MrBeast,Going To The Connor McGregor fight!,6.1M views,8 years ago,5:42,/watch?v=sx5k8xd_VoU
MrBeast,"Tipping Pizza Delivery Guys $10,000",23M views,8 years ago,10:27,/watch?v=uotb9ZHnI2g&pp=0gcJCQMKAYcqIYzv
MrBeast,"Microwaving my iPhone, what happens next might shock you..",2.7M views,8 years ago,5:36,/watch?v=nPlqRbVFBHI
MrBeast,"Saying Logan Paul 100,000 Times",23M views,8 years ago,17:06:07,/watch?v=_FX6rml2Yjs
MrBeast,"Donating $10,000 To Random Twitch Streamers",10M views,8 years ago,14:42,/watch?v=kupaqq-xJ_8
MrBeast,"Giving Homeless People $1,000 (Not Clickbait)",6.6M views,8 years ago,8:47,/watch?v=4KVmSG6KS2k
MrBeast,We Are Better Than Dude Perfect,27M views,8 years ago,2:37,/watch?v=Lx9fRu5ehFo&pp=0gcJCQMKAYcqIYzv
MrBeast,Watching It's Everyday Bro For 10 Hours Straight,28M views,8 years ago,10:00:11,/watch?v=ZJwX2jTXWwQ
MrBeast,"Giving A Random Homeless Man $10,000",11M views,8 years ago,10:02,/watch?v=N_GMakKf7G4
MrBeast,Toothpaste Life Hacks YOU SHOULD KNOW,19M views,8 years ago,4:22,/watch?v=63gyUQ_JeOE&pp=0gcJCQMKAYcqIYzv
MrBeast,"Reading The Longest English Word (190,000 Characters)",35M views,8 years ago,1:54:49,/watch?v=IZVbzNRUlQI
MrBeast,Fidget Spinner Vs Face (Legit Had To Get Stitches),44M views,8 years ago,7:07,/watch?v=8D3vI1615K4
MrBeast,Grilling A Microwave Microwaving A Microwave Microwaving A Toaster Toasting An Iphone Watching Micro,2.1M views,8 years ago,3:08,/watch?v=igVcy5dtN80
MrBeast,#1 MOST INSANE MAGNET LIFE HACK EVER,26M views,8 years ago,5:09,/watch?v=dEOlvTqYUNo
MrBeast,Watching Dance Till You're Dead For 10 Hours,54M views,8 years ago,10:00:01,/watch?v=AS5CxLCWq-Q
MrBeast,I Can't Break My Strange Addiction,1.9M views,8 years ago,4:45,/watch?v=jtOalDNVrKM
MrBeast,OMG! INSANE CUP FORT,4.1M views,8 years ago,4:11,/watch?v=dDYP56hEYF0
MrBeast,Reading The Youtube Terms Of Service,572K views,8 years ago,25:57,/watch?v=iengNekeTNo
MrBeast,Reacting To The Reaction Of The Reaction To The Reaction Of The Reaction Of The Reaction To The Reac,7.7M views,8 years ago,33:29,/watch?v=rqUvnLPvbrM
MrBeast,"Counting To 200,000 (Road To A Mil)",4M views,8 years ago,23:34:38,/watch?v=9CVwXBYVqVk
MrBeast,Microwaving Dry Ice (Microwave Explodes),3.3M views,8 years ago,5:56,/watch?v=i8pmk5xnO2s
MrBeast,"I Counted To 100,000!",32M views,8 years ago,23:48:07,/watch?v=xWcldHxHFpo
MrBeast,we are number one but every one is a bad intro,1.9M views,8 years ago,3:41,/watch?v=YH1-fDzHHpo
MrBeast,Microwaving A Microwave Microwaving A Toaster,4.9M views,8 years ago,14:17,/watch?v=ntlG5XgYg4k&pp=0gcJCQMKAYcqIYzv
MrBeast,HOW TO UNLOCK ANY IPHONE WITHOUT THE PASSCODE,23M views,8 years ago,8:51,/watch?v=Qy17S3g8ZuY
MrBeast,WHY DO THEY SELL THIS ON AMAZON?,8.8M views,8 years ago,8:31,/watch?v=PJyWmlWNor8
MrBeast,Microwaving A Microwave,11M views,8 years ago,9:05,/watch?v=KzwTYZ2W3ZA
MrBeast,IF YOU ONLY SEE ORANGE YOU'RE COLOR BLIND,1.8M views,8 years ago,3:53,/watch?v=9fa_JYTPZ2Y
MrBeast,I Mailed Myself IN A BOX & it REALLY WORKED! (Human Mail Challenge),16M views,8 years ago,5:02,/watch?v=t1BWMa8btIw
MrBeast,STUPIDEST PERSN ON EART (Really Dumb),2.5M views,8 years ago,4:22,/watch?v=2O8wta4FsD4&pp=0gcJCQMKAYcqIYzv
MrBeast,"Reading The Entire Bee Movie Script But Everytime They Say ""Bee"" I Repeat All the Previous Bees",11M views,8 years ago,1:30:59,/watch?v=dSDBr0WjrwQ
MrBeast,THE WORST THINGS EVER TO EXIST,3.8M views,8 years ago,4:40,/watch?v=DbC9CauTXoM&pp=0gcJCQMKAYcqIYzv
MrBeast,BLOWING UP $1000 KEYBOARD *RIP WALLET*,3.8M views,8 years ago,5:00,/watch?v=yhNcDBnQsEY
MrBeast,MY $1000 KEYBOARD CHANGED MY LIFE,13M views,9 years ago,3:33,/watch?v=Wyyqz3OxB5c
MrBeast,I BOUGHT A 1000$ KEYBOARD,1.6M views,9 years ago,6:21,/watch?v=KO8B2kw_Jxs
MrBeast,IF ONLINE ADS WERE REAL,9.9M views,9 years ago,4:36,/watch?v=NEDPgQYhbqs
MrBeast,Bleach Bottle Flips (COP CALLED),1.2M views,9 years ago,4:43,/watch?v=RPcXg2-0ejw
MrBeast,Hi Me In A Year (Scheduled Uploaded A Year Ago),1.7M views,9 years ago,1:59,/watch?v=jhYG5BStQSk
MrBeast,Epic New Gaming And Youtube Setup 2016,422K views,9 years ago,5:00,/watch?v=wTIPpjUgAFE
MrBeast,24 HOUR EXPLOSION GIVEAWAY! WIN GIFTCARDS,840K views,9 years ago,24:00:02,/watch?v=Fzh65vCyHWQ
MrBeast,LISTENING TO OLD VOICEMAILS FOR THE FIRST TIME,391K views,9 years ago,5:13,/watch?v=vBp0bzVr09s
MrBeast,GAMBLING MONEY WITH SCRATCH OFF TICKETS,3M views,9 years ago,7:56,/watch?v=AXjdI_LHWJU
MrBeast,BEST WALMART TOILET PAPER FORT,1.4M views,9 years ago,4:16,/watch?v=dJCsc_Cq9i4
MrBeast,100 LAYERS OF SARAN WRAP + TOILET PAPER!!,3.3M views,9 years ago,7:43,/watch?v=bqpKlkPpT10
MrBeast,WORST REVIEWS ON AMAZON #4 *FUNNY*,1.6M views,9 years ago,3:23,/watch?v=TIIU1ivhLKs
MrBeast,HOW MUCH MONEY DO YOUTUBERS MAKE?,3.1M views,9 years ago,3:25,/watch?v=G4qOiwIE_o0
MrBeast,THE WORST SONG ON YOUTUBE *CRINGE*,847K views,9 years ago,4:08,/watch?v=yozl6enFC-w
MrBeast,SURPRISING MY BROTHER WITH A LAPTOP,1.9M views,9 years ago,2:56,/watch?v=LP_mGU3CgXk
MrBeast,"SELLING ORGANS FOR $1,000,000",3.6M views,9 years ago,5:35,/watch?v=DoIQMkoYSzw
MrBeast,POKEMON GO STEREOTYPES,2.2M views,9 years ago,3:27,/watch?v=e-If_d_bzfI
MrBeast,"100,000 SUBSCRIBERS.EXE",1.5M views,9 years ago,4:26,/watch?v=5J6-5g2alp8
MrBeast,WORST REVIEWS ON AMAZON #2 HOW IS THIS LEGAL?,1.2M views,9 years ago,4:50,/watch?v=qjGNBluF6_I
MrBeast,BLOWING UP MY TABLET,183K views,9 years ago,2:32,/watch?v=TLoDwqQF5ug
MrBeast,Worst Reviews On Amazon #1 (Minecraft Edition),720K views,9 years ago,2:07,/watch?v=uAFGIQPWL54
MrBeast,WORST THUMBNAILS ON YOUTUBE #3,929K views,9 years ago,3:04,/watch?v=SaDDjW9Rw-M
MrBeast,REACTING TO MY OLD MINECRAFT VIDEOS (HORRIBLE),1.3M views,9 years ago,8:43,/watch?v=CHdy9wND1jo
MrBeast,HOW TO MAKE A GOOD INTRO FOR YOUTUBE,190K views,9 years ago,3:04,/watch?v=9LiS_3HEErU
MrBeast,WORST BANNERS ON YOUTUBE #1,681K views,9 years ago,3:36,/watch?v=hRj5qNfkdO0
MrBeast,"50,000 Subscribers.exe",585K views,9 years ago,3:35,/watch?v=ocruJKe2tFk
MrBeast,Dude Perfect 4.0 - We Are Totally Better,437K views,9 years ago,3:33,/watch?v=MgRMNzKknto
MrBeast,BEST INTROS ON YOUTUBE #1,28M views,9 years ago,3:05,/watch?v=XW1TsAVdXsw
MrBeast,Motivation For Youtubers #6 LAST ONE,165K views,9 years ago,2:59,/watch?v=Qhdj_Umh1IE
MrBeast,How Many Licks Does It Take To Get To The Center Of A Tootsie Pop?,394K views,9 years ago,12:37,/watch?v=fN_RQFqaGHI
MrBeast,Motivation For Youtubers #5,208K views,9 years ago,2:28,/watch?v=hC3xW8xeCDs
MrBeast,18th Birthday QNA - Mom's Hair Dryer Age?,402K views,9 years ago,3:52,/watch?v=xGJEPTCw9GU
MrBeast,WORST MEMES AND TRENDS ON YOUTUBE!,648K views,9 years ago,3:51,/watch?v=FmjsePPBbdU&pp=0gcJCQMKAYcqIYzv
MrBeast,Cereal Commentary,177K views,9 years ago,5:39,/watch?v=lMLEcUXz6T8
MrBeast,WHERE IS MY COOKIE?????,127K views,9 years ago,2:42,/watch?v=BKJy7BFP3Is
MrBeast,"How Much Money Do Big Youtubers Make? (Pewdiepie, Markiplier, etc)",124K views,9 years ago,3:48,/watch?v=1gfgZhW3YgU
MrBeast,Struggles Of Being A Youtuber,152K views,9 years ago,3:14,/watch?v=VXmKt_1T0QM
MrBeast,Reenacting Youtubers,191K views,9 years ago,3:41,/watch?v=6XCUHLhdnEY
MrBeast,Life Before And After Gamma (Insane) @GFuelEnergy,60K views,9 years ago,2:41,/watch?v=ttWTSskmxTA
MrBeast,Worst Thumbnails On Youtube #2 - Cringe,293K views,9 years ago,2:13,/watch?v=5bCyFf8lSfk&pp=0gcJCQMKAYcqIYzv
MrBeast,Motivation For Small Youtubers #4 - Inspiration For Youtubers,157K views,9 years ago,3:10,/watch?v=ngVEpJs5A5s
MrBeast,Scheduled Uploaded 6 Months Ago (REACTION),147K views,9 years ago,5:22,/watch?v=zjC48c3ptt0
MrBeast,Dude Perfect 3.0 - We Are Better,735K views,9 years ago,3:13,/watch?v=rS2sntC-lJI
MrBeast,Dear Future Me (Scheduled Uploaded 6 Months Ago),2.4M views,9 years ago,2:25,/watch?v=fG1N5kzeAhM
MrBeast,$100 GIVEAWAY PRANK (NO WEAPONS INVOLVED),71K views,9 years ago,4:51,/watch?v=vT_gRRMjDi0
MrBeast,GIVING AWAY $100 ITUNES GIFT CARDS,162K views,9 years ago,2:10,/watch?v=dfcPUqiivDY
MrBeast,Walking Dead Daryl DIED (Fan Reaction To Death),182K views,9 years ago,0:43,/watch?v=zCR6DJX7Kak
MrBeast,Why Do Youtubers Ask For Likes?,180K views,9 years ago,3:21,/watch?v=4cX-w-ia0RU
MrBeast,Making My Background More Epic,60K views,9 years ago,3:28,/watch?v=2nVjy-zd65Q
MrBeast,Doing Youtube For Fun Or Views?,60K views,9 years ago,3:45,/watch?v=xlzpD4GeBW0
MrBeast,Pranks That Went Horribly Wrong,2.1M views,9 years ago,4:34,/watch?v=8ZTy3K2QgOY
MrBeast,Who Founded Faze? Who Created Faze Clan?,2M views,9 years ago,5:25,/watch?v=k9zko79_3_I
MrBeast,Subscriber Goals For 2017,85K views,9 years ago,3:54,/watch?v=fYnPyLfxSJg
MrBeast,"20,000",213K views,9 years ago,4:16,/watch?v=pBH_QL4JGcI
MrBeast,The Dreaded Unanswerable Question,206K views,9 years ago,4:30,/watch?v=1wtFD9zSQO8
MrBeast,WORST THUMBNAILS ON YOUTUBE,628K views,9 years ago,2:36,/watch?v=VqhjiwmGNKA
MrBeast,Beast Goes Camping (Didn't Go Wrong) (Didn't Go Sexual),220K views,9 years ago,4:45,/watch?v=EhZ9gHZOZT8&pp=0gcJCQMKAYcqIYzv
MrBeast,NBA Interviews Gone Wrong (No Gun Pulled),71K views,9 years ago,2:34,/watch?v=LHtkve6-O0g
MrBeast,Movie Trailers Be Like,118K views,9 years ago,1:42,/watch?v=m3Ol8zn7brk
MrBeast,What Is Youtube Red? Should I Buy Youtube Red?,113K views,9 years ago,4:39,/watch?v=qBiZA4QDsj0
MrBeast,Things I Hate #2 - Youtube Edition,179K views,9 years ago,4:21,/watch?v=NeOrh4GnPZ4
MrBeast,Super Bowl Commercial 2016 Cost - How Much Does A Commercial Cost In 2016 Super Bowl?,100K views,9 years ago,2:57,/watch?v=fWhfOAuOqjY&pp=0gcJCQMKAYcqIYzv
MrBeast,Counting To 10000 In One Sitting,68M views,9 years ago,3:29:41,/watch?v=9Ax56oRhcZc&pp=0gcJCQMKAYcqIYzv
MrBeast,HOW TO MAKE A VIRAL PRANK VIDEO 100% LEGIT,177K views,9 years ago,2:26,/watch?v=-cWVrFABWHw
MrBeast,Is Obama Dead? Dumb Google Searches!,231K views,9 years ago,5:24,/watch?v=z7qtJAAV5d0
MrBeast,How To Be MrBeast (Made By Really Old Subscriber),73K views,9 years ago,5:21,/watch?v=9pk-neTrDoM
MrBeast,Should You Play Video Games?,102K views,9 years ago,2:59,/watch?v=JQscW6DfNZY
MrBeast,School Is A Waste Of Time,137K views,9 years ago,2:54,/watch?v=9smE_EiKJ8Q
MrBeast,Is Michael Bay My Dad????????,80K views,9 years ago,1:42,/watch?v=hfaPkoXeYfU
MrBeast,Lottery Taxes - How Much Tax Is If You Win The Lottery,138K views,9 years ago,3:40,/watch?v=u0hHxeWkB_o
MrBeast,Motivation For Small Youtubers #3,186K views,9 years ago,3:31,/watch?v=64WGWubQO3I
MrBeast,Giving Away Two $15 Gift Cards (forgive me boyz),60K views,9 years ago,3:11,/watch?v=QJUs6CSRCFU
MrBeast,Do Dislikes Matter On Youtube - Are Dislikes Bad Or Good?,385K views,9 years ago,4:24,/watch?v=Om4c4ilT_6g
MrBeast,How To Get Active Subscribers On Youtube? Tips 2016,98K views,9 years ago,5:45,/watch?v=GbOfxRfHdeg
MrBeast,Reaction Channels Are Stupid??????? #JCTG,78K views,9 years ago,3:14,/watch?v=yzxYCRDcGDs
MrBeast,Goodbye Laptop,172K views,9 years ago,2:16,/watch?v=PCakYf_PnT0
MrBeast,2015 Year Highlights,78K views,9 years ago,4:03,/watch?v=8nv_ltg4RAg
MrBeast,MrBeast Rest In Pepperoni 6000,227K views,9 years ago,3:04,/watch?v=VvphlSvCyj8
MrBeast,How To Think Of Good Video Ideas (Tips),134K views,9 years ago,6:13,/watch?v=JP3v6UxI124
MrBeast,Whats That Song Name?,198K views,9 years ago,1:52,/watch?v=jRURlbRAUhI
MrBeast,The Anti-Beast,979K views,9 years ago,2:39,/watch?v=I_3R9YGFlHE
MrBeast,"Reacting To Family Accounts (MamaBeast, MrBeast'sLaptop, Etc)",948K views,9 years ago,9:24,/watch?v=xjJJ_wDlc1E
MrBeast,Do Youtubers Pay Taxes????? (USA),116K views,9 years ago,6:31,/watch?v=cqirhwhq_qM
MrBeast,Why Does This Video Have No Thumbnail?,106K views,9 years ago,3:01,/watch?v=3IQdDBwc42o
MrBeast,Totally 100% Real Epic Ping Pong Trickshots,104K views,9 years ago,1:21,/watch?v=4YHnf3YepwU
MrBeast,Exams Be Like,530K views,9 years ago,3:54,/watch?v=uxzBq4Y_fNw
MrBeast,How Many People Have A Silver Play Button????,503K views,9 years ago,3:33,/watch?v=HIhUkvAG0o4
MrBeast,How To Get More Views And Subscribers On Youtube (2016),79K views,9 years ago,3:12,/watch?v=cpI5lCaqZcQ
MrBeast,Should You Do COD Commentaries In 2016????,61K views,9 years ago,3:47,/watch?v=6zQhLOw1nw8
MrBeast,THINGS I HATE #1,501K views,9 years ago,3:40,/watch?v=mfvi_jgdVqE
MrBeast,Worst MrBeast6000 Intros?? (Fan Made!),497K views,9 years ago,2:13,/watch?v=zExxMxcoJ6A
MrBeast,Dear Razer Can I Have My 70$ Back?????,7.6M views,9 years ago,2:59,/watch?v=hD_Af6W2qug&pp=0gcJCQMKAYcqIYzv
MrBeast,"How Many People Get The Golden Play Button? (1,000,000 Subscribers)",163K views,9 years ago,3:00,/watch?v=XOtTKQujlkI
MrBeast,"Spam404 Has Terminated 5,000,000 Videos (Including Pewdiepie)",117K views,9 years ago,2:23,/watch?v=dRqthQ2Mc_0
MrBeast,MrBeast6000's First Video (So Bad lol),14M views,9 years ago,3:07,/watch?v=8TFq_vvO_Wg
MrBeast,The Evolution Of My Youtube Banners,78K views,9 years ago,0:59,/watch?v=oo8ve4Ldpck&pp=0gcJCQMKAYcqIYzv
MrBeast,"Shark Tank Most Successful Products, Entrepreneurs, Or Businesses 2015",150K views,10 years ago,4:54,/watch?v=sKn8Tbp2a-4
MrBeast,PSYCHO FRIEND SMASHES MY LAPTOP! (Mc Juggernuggets Parody),325K views,10 years ago,1:32,/watch?v=g0IrVKXIbmE&pp=0gcJCQMKAYcqIYzv
MrBeast,FREE TO USE BO3 GAMEPLAY - 1080p,60K views,10 years ago,2:45,/watch?v=2Om2M4_Kyd0
MrBeast,Double Agent (Short Film),177K views,10 years ago,7:50,/watch?v=KaaEivIqX6M
MrBeast,YOU ONLY DO YOUTUBE FOR VIEWS,87K views,10 years ago,5:34,/watch?v=W4gBpws7Ug8
MrBeast,"10,000 QNA With MUM",347K views,10 years ago,3:55,/watch?v=NT3EkjxO8hs
MrBeast,Why I Stopped Playing Video Games - Video Game Commentary,68K views,10 years ago,4:44,/watch?v=syMozMiJneM
MrBeast,YOUTUBE RED STEALS CONTENT CREATORS MONEY? What Is Youtube Red?,62K views,10 years ago,5:26,/watch?v=Wt6cMjn3YLg
MrBeast,Millions Of Views!,1M views,10 years ago,3:47,/watch?v=OEuS7fjMlMc
MrBeast,"How To Get 1,000 Subscribers On Youtube - Vlogs Gaming",99K views,10 years ago,2:59,/watch?v=1Pr-R2nKTY4
MrBeast,High School Education Be Like (Paying Taxes),64K views,10 years ago,2:46,/watch?v=QqdUhn99E-s
MrBeast,I Got Bored Of Studying So This Happened,797K views,10 years ago,2:09,/watch?v=1UygJmcHUdQ
MrBeast,Best Microphone For Youtube (Gaming Commentaries Vocals Singing Podcast),61K views,10 years ago,3:37,/watch?v=g4DAFnZcCcQ
MrBeast,9k Subs - Channel Talk,127K views,10 years ago,4:35,/watch?v=LTr8cXAxy1I
MrBeast,How Much Money Does Bill Gates Make / Have - Billionaire,151K views,10 years ago,4:04,/watch?v=Ow3xqv7ahXo
MrBeast,MrBeast6000's Channel Trailer,1.6M views,10 years ago,1:55,/watch?v=TRiF8PdrIP8
MrBeast,Best Non-Copyrighted Songs For Videos! (Intros Vlogs Gaming Trailers) 2016,92K views,10 years ago,2:59,/watch?v=NFZ_MtTvwm0
MrBeast,Is Being A Youtuber Hard? Is Being A Youtuber Worth It?,122K views,10 years ago,5:21,/watch?v=Pgxi8dsUW-o
MrBeast,Best Green Screen Lighting Ever? (Joking Obviously),666K views,10 years ago,3:24,/watch?v=YY2-jJojnOA&pp=0gcJCQMKAYcqIYzv
MrBeast,How Do Youtubers Make Money? How Do Youtubers Get Paid?,137K views,10 years ago,6:06,/watch?v=7Pogam71094
MrBeast,Increase Youtube Views 2015! COMMUNITY CHANNELS - Boosting Youtube Views,61K views,10 years ago,3:52,/watch?v=DL0OPJ2hahc
MrBeast,Originality - A Youtube Poem By MrBeast6000,62K views,10 years ago,1:48,/watch?v=WwE0tR08OTU&pp=0gcJCQMKAYcqIYzv
MrBeast,Stupid Things People Search On Google,1.3M views,10 years ago,5:17,/watch?v=2LIJtcI4dbg&pp=0gcJCQMKAYcqIYzv
MrBeast,"Ad Blocker For Chrome and Mobile, Should You Use It?",91K views,10 years ago,5:15,/watch?v=rXnaD7PU9kY
MrBeast,PC Master Race Vs Console Peasants,62K views,10 years ago,1:59,/watch?v=Ng_qwlvhrJo
MrBeast,Shia Labeouf Motivates Youtubers!,428K views,10 years ago,1:28,/watch?v=bzIPun3cVsw
MrBeast,Knives In Video Games Cost More Than Real Life????,69K views,10 years ago,3:43,/watch?v=miKQkeq5sbU
MrBeast,"Why I Sold My PS4, Not A Gaming Channel???",61K views,10 years ago,4:06,/watch?v=Lwt_VThQIdM
MrBeast,Selling PS4 For $250 + Elgato For $100!,61K views,10 years ago,2:38,/watch?v=P2oPACr4uuU
MrBeast,Do Tags Do Anything On Youtube?????,170K views,10 years ago,3:37,/watch?v=h-D6ukDcS9o
MrBeast,Bronze And Platinum Play Buttons?????,1.4M views,10 years ago,4:23,/watch?v=mY77HA20MzA
MrBeast,7k SUBS! Smashing Ghost + AW! Plus Channel Talk!,94K views,10 years ago,4:58,/watch?v=4krBgDFycgY
MrBeast,Exility vs Dr.Pineapplez - Misleading Contest!,60K views,10 years ago,4:18,/watch?v=dpUxRIqbNlc
MrBeast,6 Uses For Your Advanced Warfare Disk!,60K views,10 years ago,1:05,/watch?v=Cp431S5z8PE
MrBeast,MrBeast’s Outro Song,8.7M views,10 years ago,2:11,/watch?v=ttLYXcza4j4
MrBeast,Watching Video Games Is A Waste Of Time????,60K views,10 years ago,4:03,/watch?v=3-f9DEFsh4w
MrBeast,"Pewdiepie's Shoutout, What Would You Do If You Won?",60K views,10 years ago,4:38,/watch?v=vuOTP206zWM
MrBeast,How I Will Survive The Zombie Apocalypse!,241K views,10 years ago,6:01,/watch?v=J590MYm0SY8
MrBeast,How Much Money Do Youtubers Make? Real Numbers!,441K views,10 years ago,3:14,/watch?v=vGB2d5cQJpY
MrBeast,HONEST Shout Out Sunday! Free Subscribers!,60K views,10 years ago,3:30,/watch?v=M94G0iKYiSM
MrBeast,Social Media As A Job????,60K views,10 years ago,3:09,/watch?v=pGYyUssWLTA
MrBeast,Airplane Pilots Last Words Before Death,156K views,10 years ago,2:29,/watch?v=j7kM8G_AjuY
MrBeast,How Much Do T.V. Commercials Cost?????,61K views,10 years ago,3:29,/watch?v=deK-My3Of0o
MrBeast,How To Tweet When You're Dead! DEADSOCIAL Facebook And Instagram Also!,60K views,10 years ago,4:29,/watch?v=oB8kFFvJdhE
MrBeast,My Favorite FaZe Clan Members?????,63K views,10 years ago,3:54,/watch?v=X9eXa-Uzuj0
MrBeast,MrBeast6000Subs,917K views,10 years ago,5:20,/watch?v=GxTVDClFXuc
MrBeast,"Youtube Networking - Aka Fake Likes, Subs, And Comments",76K views,10 years ago,4:28,/watch?v=kGaq-Qi9hoE
MrBeast,I Hate Youtubers That Ask For Likes,224K views,10 years ago,4:16,/watch?v=9zFfp3gzZ88
MrBeast,My Mom Found My Channel!! :0,792K views,10 years ago,4:29,/watch?v=mM2KwBYa-u4&pp=0gcJCQMKAYcqIYzv
MrBeast,1080p FREE TO USE BLACK OPS 3 GAMEPLAY,87K views,10 years ago,2:23,/watch?v=WAcmsAISniQ
MrBeast,"Black Ops 3 First Impressions, My First Game",60K views,10 years ago,3:41,/watch?v=kqUT-s3a6tU
MrBeast,Dogs Opinions On Youtubers Getting BO3 Early,108K views,10 years ago,1:16,/watch?v=NUVglXbGBfs
MrBeast,BO3,1.4M views,10 years ago,3:41,/watch?v=T-v4b3WtPAg
MrBeast,Xbox One Destroyer? COD Advertisement Is Free,61K views,10 years ago,4:08,/watch?v=m8qGlpcfAIw
MrBeast,Modern Art Is A Joke,69K views,10 years ago,2:56,/watch?v=uZPkMnv8b-o
MrBeast,5 Steps To Becoming Successful On Youtube!,92K views,10 years ago,3:13,/watch?v=qVLr6SMxvJw
MrBeast,Time,99K views,10 years ago,2:02,/watch?v=4AigP5OY8JE
MrBeast,Beast $500ish Youtube PC Great For Making Videos!,90K views,10 years ago,4:04,/watch?v=RMoFUeBVefA
MrBeast,"5,000 Hype",166K views,10 years ago,3:05,/watch?v=ep7S1XnuQLU
MrBeast,What Is Crohns Disease?????,304K views,10 years ago,4:21,/watch?v=p6bzNpgbX8Y
MrBeast,Leaving For 7 Days,62K views,10 years ago,7:11,/watch?v=6T17licWsQ4
MrBeast,Motivation For Youtube - Ultimate Small Youtuber Motivation #2,207K views,10 years ago,3:29,/watch?v=1s6UOlWdpw4
MrBeast,Should I Buy An Elgato Game Capture??,60K views,10 years ago,2:57,/watch?v=3LuchpUc7PU
MrBeast,Fanboy Opinions On Black Ops 3,60K views,10 years ago,3:56,/watch?v=_f6xCA0-gAo
MrBeast,Big Channel's Starting Over???,60K views,10 years ago,3:19,/watch?v=lfD7kMZKuNg
MrBeast,SAT And Some Random Stuff,60K views,10 years ago,3:26,/watch?v=ejlkNGm82w4&pp=0gcJCQMKAYcqIYzv
MrBeast,How Many Youtubers Are Millionaires???,128K views,10 years ago,2:49,/watch?v=Jtj9rUqlB1Y
MrBeast,Always Changing My Name? Mr.Beast or MrBeast6000,191K views,10 years ago,2:41,/watch?v=ZqzFRGH_tMQ
MrBeast,How Much Youtube Money Do I Make???,447K views,10 years ago,2:28,/watch?v=94A-bsumX9A
MrBeast,Am I Ian From Smosh????,1.1M views,10 years ago,2:18,/watch?v=gYaxI_allkQ
MrBeast,How Do You Turn Off A PS4? Xbox Noob In Need Of Help,105K views,10 years ago,1:12,/watch?v=AjXbO2XfBkE
MrBeast,"New Optic Gaming Gear Coming To Advanced Warfare, My Thoughts",60K views,10 years ago,2:31,/watch?v=ZQZzR0DUujc
MrBeast,Youtube Collabs? Collabbing with Mr.Beast?,118K views,10 years ago,3:33,/watch?v=-V3-fhJQZkk
MrBeast,Sacrifices And Youtube,60K views,10 years ago,3:39,/watch?v=QX0wvWGW2qg
MrBeast,5$ To Advertise Your Youtube Channel???,179K views,10 years ago,2:01,/watch?v=oODUkNQAzXU
MrBeast,Reuploading Other Youtubers Videos? Stealing Big Youtubers Videos.,61K views,10 years ago,4:14,/watch?v=2jWZtKTN6jU
MrBeast,4k Subscriber's! First Channel Story!,116K views,10 years ago,5:14,/watch?v=zsADECFHY8w&pp=0gcJCQMKAYcqIYzv
MrBeast,People Who Got Rich From Movie Trailers On Youtube,106K views,10 years ago,3:26,/watch?v=Feh8o-HmthM
MrBeast,Beast Gaming Set Up #almost4k,93K views,10 years ago,2:31,/watch?v=6Xv-LVYZQxk
MrBeast,Advanced Warfare DLC 4 Honest Parody,61K views,10 years ago,2:37,/watch?v=8-0ZHJHp9g4
MrBeast,World's Worst Thieves,101K views,10 years ago,3:29,/watch?v=QqIG0R-KpGk
MrBeast,VANOSSGAMING IS IN TROUBLE,260K views,10 years ago,2:53,/watch?v=qENpZBzgaUM
MrBeast,SpiderMan Robs Walmart?????,60K views,10 years ago,3:07,/watch?v=4DYBVA4884Y
MrBeast,My Upload For ThunderstruckGaming,60K views,10 years ago,3:40,/watch?v=skEf9R0TXkM
MrBeast,Best FNAF 4 Fake Reactions! So Funny lol,95K views,10 years ago,2:27,/watch?v=CnMv_zTXZ38
MrBeast,How Many People Get The Diamond Play Button?????,1.8M views,10 years ago,3:56,/watch?v=bEIK5ni_Pzs
MrBeast,Supply Drops For Charity! Ep #2,60K views,10 years ago,5:02,/watch?v=_oZyp4mTzSQ
MrBeast,Best Thing To Happen To This Channel?????,60K views,10 years ago,1:28,/watch?v=is1LSWbssuA&pp=0gcJCQMKAYcqIYzv
MrBeast,Supply Drop Challenge For Charity,60K views,10 years ago,4:55,/watch?v=XR_q9_LEKuc
MrBeast,FaZe Clan Vs Pewdiepie Who Would Win?????,72K views,10 years ago,2:51,/watch?v=X9UiBpDHW3w&pp=0gcJCQMKAYcqIYzv
MrBeast,"FaZe Adapt ""Stuttertage""",125K views,10 years ago,4:44,/watch?v=PRU47AuQF2M
MrBeast,The COD Community? Sleeping With Your Mom?,60K views,10 years ago,3:03,/watch?v=Y3Rxgf5_R_I
MrBeast,Exility And Some Other Stuff - Update Vid,60K views,10 years ago,4:45,/watch?v=R6zuvKbvKyU&pp=0gcJCQMKAYcqIYzv
MrBeast,Every Minecraft Let's Play Ever In Under A Minute,127K views,10 years ago,1:00,/watch?v=yCKe65Nvp0Q
MrBeast,Why I deleted Today's First Upload,66K views,10 years ago,1:55,/watch?v=XBe57FyB2xU
MrBeast,What Is Spam404?????,60K views,10 years ago,5:11,/watch?v=zpCwHwWgbsI
MrBeast,The History Of Pewdiepie In 2 Minutes,267K views,10 years ago,2:06,/watch?v=lh61MVUxJt0&pp=0gcJCQMKAYcqIYzv
MrBeast,TWITCH STREAMERS REACT TO RECEIVING THOUSANDS FROM SAME GUY!,224K views,10 years ago,7:32,/watch?v=yWnmEPgLroQ&pp=0gcJCQMKAYcqIYzv
MrBeast,I Hate Spam On Youtube,60K views,10 years ago,3:09,/watch?v=eBklqeeIu10
MrBeast,INSANE TRIPLE LEGENDARY SUPPLY DROP! BEST OPENING YET?,61K views,10 years ago,3:29,/watch?v=SgMydsOucFg&pp=0gcJCQMKAYcqIYzv
MrBeast,Low Bridge Causes Dozen's Of Wrecks! 11-8 Bridge,60K views,10 years ago,3:43,/watch?v=jPm3hRiMKuU
MrBeast,3k HYPE,164K views,10 years ago,3:23,/watch?v=OweuuinkVZI
MrBeast,How To Become A Gaming Youtuber! All You Need To Know!,60K views,10 years ago,7:02,/watch?v=7Pr0HP-Trgk
MrBeast,My Solution For The Theft At The FaZe House - @FaZe_Rain @FaZeAdapt,61K views,10 years ago,3:07,/watch?v=UEK0fYAqMss
MrBeast,5 Popular Channels That Were Terminated,139K views,10 years ago,5:00,/watch?v=lRznKN2oPUc
MrBeast,What Is Youtube Terms Of Service?????,62K views,10 years ago,4:09,/watch?v=IDrS_TrjuK4&pp=0gcJCQMKAYcqIYzv
MrBeast,Do You Think You Will Be Famous?????,157K views,10 years ago,3:44,/watch?v=J1lhxfZtR3M
MrBeast,What Is Swatting? Why I hate It!,102K views,10 years ago,4:19,/watch?v=b_o8cz0ZNdk
MrBeast,Reddit Is In Chaos After Firing Victoria,65K views,10 years ago,1:46,/watch?v=i5dhcAxO25Q
MrBeast,Paid Promotion On Youtube Good?,63K views,10 years ago,7:19,/watch?v=-o_8CDbFMJ0
MrBeast,How To Gain Youtube Success,97K views,10 years ago,2:42,/watch?v=v5J1Cycn3s8
MrBeast,FaZe Members Reaction's To Joining Faze,622K views,10 years ago,3:11,/watch?v=YJiqYG-Mylk
MrBeast,Battle of The Beasts Round 2 Winners!,60K views,10 years ago,14:07,/watch?v=jGE1sUTeR5g
MrBeast,Youtube In 10 Years?????,1.5M views,10 years ago,3:06,/watch?v=0tZCQ25fsoI&pp=0gcJCQMKAYcqIYzv
MrBeast,The Ultimate Motivation For Small Youtubers,319K views,10 years ago,2:44,/watch?v=N9jTogPwqVY
MrBeast,How Much Does Pewdiepie Make?,270K views,10 years ago,3:53,/watch?v=yyJ7xEcENNI
MrBeast,Random Stuff You Don't Care About,60K views,10 years ago,2:22,/watch?v=3rJgCGMPEqA
MrBeast,Battle Of The Beast Round 1 Winners!,60K views,10 years ago,9:13,/watch?v=7isfkomGg7o
MrBeast,The Truth About Big Community Channels,60K views,10 years ago,4:33,/watch?v=UCYefSGBP00
MrBeast,WORLD'S FIRST BLACK OPS 3 GUN SYNC!!,74K views,10 years ago,1:21,/watch?v=dvdGkRK5a_0
MrBeast,Insane Gun Sync - 7 Hours To Make,60K views,10 years ago,2:14,/watch?v=X7doE4h6W64
MrBeast,Battle of The Beasts Bracket!!!! (Not accepting anymore),60K views,10 years ago,1:38,/watch?v=GhppzOzN3MM
MrBeast,Free To Use Advanced Warfare Gameplay! 2015,60K views,10 years ago,2:05,/watch?v=QkXDatNdL4U
MrBeast,Battle Of The Beast Tournament UPDATE!,60K views,10 years ago,2:32,/watch?v=hyt2t4r8lQ4
MrBeast,My Top 5 Favorite Things At E3 2015,60K views,10 years ago,2:30,/watch?v=-mlok5iT3GE
MrBeast,Battle Of The Beasts (youtubers needed),60K views,10 years ago,3:03,/watch?v=STvOHHgJ1sQ
MrBeast,History Of COD Part 2! Black Ops 1 - History Of COD On Youtube!,60K views,10 years ago,10:49,/watch?v=2-ErX5oDzwM
MrBeast,How Did Notch Become A Billionaire? How Much Did Minecraft Sell For?????,121K views,10 years ago,3:36,/watch?v=7ytYV-tVIvg&pp=0gcJCQMKAYcqIYzv
MrBeast,Top 10 Richest Gaming Youtubers?????,276K views,10 years ago,4:05,/watch?v=ELIoOUKSOJQ
MrBeast,Markiplier Is A Great Man! Sub shodleech!,229K views,10 years ago,2:03,/watch?v=uAoayezOaug
MrBeast,Insane Advanced Warfare Hacker!,60K views,10 years ago,2:14,/watch?v=Vr2337tCLCI
MrBeast,"What Is Considered A ""Bad Video"" On Youtube????? #karnageRC",80K views,10 years ago,4:12,/watch?v=NV7qmqbS8tM
MrBeast,I Think I Am Going For The #KarnageRC,60K views,10 years ago,3:52,/watch?v=U9c-ycvw02A
MrBeast,Every FaZe Video Ever #karnageRC,60K views,10 years ago,3:17,/watch?v=GfgcVOuHLAo
MrBeast,How Much Money Do You Make As An Uber Driver??????,61K views,10 years ago,5:04,/watch?v=zi7tZ-2PhLk
MrBeast,How Much Does Faze Rain's Giveaway Cost??????,60K views,10 years ago,1:13,/watch?v=TacjQmKCiZg
MrBeast,MY MESSAGE TO COD YOUTUBERS (Watch till end plz),61K views,10 years ago,4:52,/watch?v=AIytwdufwW8
MrBeast,Best Of FlipArtz - His Best Advanced Supply Drops EVER!,130K views,10 years ago,10:40,/watch?v=KLAI0c0Spog
MrBeast,Summer Is Finally Here!,65K views,10 years ago,2:26,/watch?v=UVin8WtE5eU
MrBeast,Why Are Things Unbalanced In Video Games?????,99K views,10 years ago,3:30,/watch?v=wNuxirsrwBk
MrBeast,New Channel?,173K views,10 years ago,4:51,/watch?v=6bxZpS0cm5o
MrBeast,"Youtube ""Freinds""",106K views,10 years ago,4:39,/watch?v=ajJbMGq9AS4
MrBeast,"Youtube Stat News - Vevo Gets 10 Bil. Views A Month, Channel Milestones, and more!",60K views,10 years ago,5:28,/watch?v=UXw9jqgJNNc
MrBeast,Big Changes??? Idk just watch the stupid video,60K views,10 years ago,6:34,/watch?v=E3CqKvlzl-I
MrBeast,How Much Money Does DramaAlert Make????,60K views,10 years ago,1:32,/watch?v=zfDr05ax0gM
MrBeast,L0114R - Biblical Creeper Post for Post @L0114R,61K views,10 years ago,1:28,/watch?v=56OkH6ocYZU
MrBeast,Why Do We Do Things That Are Bad For Us?????,60K views,10 years ago,3:24,/watch?v=w40Z8aT5fpQ
MrBeast,How To Monetize Your Videos And Make Lots Of Youtube Money!!$$$,61K views,10 years ago,10:23,/watch?v=zgDezsMQyyU
MrBeast,DIY $23.00 Mini Sound Booth? Does It Work?,156K views,10 years ago,3:49,/watch?v=UEwnitHoSDw
MrBeast,Cut Coms vs Uncut Coms,60K views,10 years ago,2:39,/watch?v=__SaaKSW9iE&pp=0gcJCQMKAYcqIYzv
MrBeast,Minimum Wage,79K views,10 years ago,1:59,/watch?v=qWnyJ55KBKo
MrBeast,My New Channel Trailer ;),67K views,10 years ago,1:17,/watch?v=52awie9G00A
MrBeast,Why I Changed My Channel Name,151K views,10 years ago,3:16,/watch?v=bB99NdUoxEQ
MrBeast,How Overpriced Is Movie Popcorn?????,60K views,10 years ago,2:40,/watch?v=7GjSaNi8Epg
MrBeast,Screw Warface,60K views,10 years ago,3:37,/watch?v=h5uE4ERMiTk
MrBeast,My Problems,78K views,10 years ago,4:07,/watch?v=umRLkCrmwcs
MrBeast,Ma Channel,61K views,10 years ago,2:48,/watch?v=rHoLyltYDtQ
MrBeast,Remember When COD Was Fun?,60K views,10 years ago,3:36,/watch?v=yeHjsYQ076A&pp=0gcJCQMKAYcqIYzv
MrBeast,My Baby Got a Virus :(,83K views,10 years ago,2:55,/watch?v=pqrdPu2ESFo
MrBeast,Modern Art Is A Joke,61K views,10 years ago,2:49,/watch?v=ywZy_Fo2ydo
MrBeast,Cheat Channels,60K views,10 years ago,3:34,/watch?v=qr4v9pdfVlU
MrBeast,Time,93K views,10 years ago,1:54,/watch?v=hgiPX33AHas
MrBeast,"2,000 Subscribers",425K views,10 years ago,2:25,/watch?v=oZ-Mn5p1xMw
MrBeast,Youtube,104K views,10 years ago,4:37,/watch?v=5UPa_hu5opg
MrBeast,"How To SAT, Get Into Yale",62K views,10 years ago,4:05,/watch?v=zv_oq5UNDAo&pp=0gcJCQMKAYcqIYzv
MrBeast,100k Subs With No Videos????,492K views,10 years ago,4:19,/watch?v=NiqkH7qVW0U
MrBeast,Is Jacksepticeye A Millionaire?????? 2016,234K views,10 years ago,3:10,/watch?v=boBokLXe5o8
MrBeast,How Rich Is Buzz Feed???,75K views,10 years ago,3:25,/watch?v=7YOzgk-U4EU
MrBeast,How To Do A High School or College Paper!,105K views,10 years ago,3:56,/watch?v=prdSftLj9-g
MrBeast,What is Crohn's Disease?????,544K views,10 years ago,7:03,/watch?v=pzlPJmNyepA
MrBeast,What Happens If You Get A Copy Right Strike??,184K views,10 years ago,3:52,/watch?v=QNoqAnJOSqU
MrBeast,5 Steps To Becoming Successful On Youtube,199K views,10 years ago,3:13,/watch?v=kzIA4vKyhRQ
MrBeast,Making Youtube a Priority,67K views,10 years ago,3:16,/watch?v=DfonKqMENrg
MrBeast,Why I Was Not Uploading,63K views,10 years ago,1:35,/watch?v=MUQCwdkEbq0
MrBeast,Youtubers Analytic's Explained,65K views,10 years ago,3:37,/watch?v=JlUzoQN9FWw&pp=0gcJCQMKAYcqIYzv
MrBeast,How Much $$$ Does Every Member of FaZe Make COMBINED????? 2016,111K views,10 years ago,3:57,/watch?v=0VjLq-go1fg
MrBeast,Is Pewdiepie The #2 Youtuber?!?!? :0,97K views,10 years ago,3:55,/watch?v=uCIpW9zOmgI
MrBeast,How Much Money Does Smosh Make????? 2016,82K views,10 years ago,2:47,/watch?v=Z0Poefgrs4w
MrBeast,Who Are The Worst Youtubers?????,284K views,10 years ago,3:36,/watch?v=MLN6TRB9Jxw
MrBeast,Subscriber Goals For 2016,61K views,10 years ago,4:08,/watch?v=vZrL_FFITgs
MrBeast,How Many People Do Youtube as a JOB?????,62K views,10 years ago,2:54,/watch?v=L7lGD_anC00
MrBeast,How Much Money Does Syndicate Project Make????? 2016,94K views,10 years ago,3:23,/watch?v=xu1nhAfnMGA
MrBeast,Are Youtubers Millionaires?,205K views,10 years ago,3:15,/watch?v=D1livXdFGkQ
MrBeast,Magecraft - Epic Hit! 11k Troops killed.,61K views,10 years ago,3:53,/watch?v=bwp_3qLgWpQ
MrBeast,Highest Paid Musicians????,150K views,10 years ago,4:48,/watch?v=tZpnfF0-7Ls
MrBeast,Making Fun Of Youtuber's Intros.,323K views,10 years ago,1:54,/watch?v=BwAMltY3-c0
MrBeast,10 Things You DIDN'T Know About Youtube!,77K views,10 years ago,3:01,/watch?v=7HBR3Ea72CY
MrBeast,Quitting?,141K views,10 years ago,3:46,/watch?v=Ds9H2UnUHL0
MrBeast,How Much Money Does Markiplier Make????? 2016,151K views,10 years ago,2:34,/watch?v=iqUFeWAVp-0
MrBeast,PewDiePie Uploads A Fake Video! LOL,90K views,10 years ago,2:35,/watch?v=W2skFWRk6qo
MrBeast,Pewdiepie Was On T.V.,165K views,10 years ago,2:29,/watch?v=X_qd-1xSTFA
MrBeast,Five Facts You Didn't Know About Youtube.,108K views,10 years ago,4:21,/watch?v=VWa0ImMY2bQ
MrBeast,Milestones And Plans For My Channel,78K views,10 years ago,3:00,/watch?v=fEcASr38n2E
MrBeast,How Much Money Did Gangnam Style Earn??? 2016,112K views,10 years ago,2:24,/watch?v=udmf5MQLNGA
MrBeast,Best League Player In The Universe.,329K views,10 years ago,3:00,/watch?v=0dg2eR2NSQ0&pp=0gcJCQMKAYcqIYzv
MrBeast,MageCraft - Beginners tutorial. (The app),61K views,10 years ago,8:47,/watch?v=6BNOWeYFyP8
MrBeast,How much money does VanossGaming Make? 2016,363K views,11 years ago,3:20,/watch?v=LDegY-H60_U
MrBeast,Opening Old Basketball Cards! Ep. #1 (Michael Jordan Found),207K views,11 years ago,4:27,/watch?v=D51HaR-XvgM
MrBeast,20 Best Websites?????,205K views,11 years ago,6:44,/watch?v=Rio7r_vLUEo
MrBeast,"How Much Money Does ""Chris Smooth"" Make?????",79K views,11 years ago,4:02,/watch?v=8E5Ygl02wtM
MrBeast,Money Problems,309K views,11 years ago,4:02,/watch?v=moMJjt5KECc
MrBeast,Vanoss vs Speedy! Who is better? Updated.,61K views,11 years ago,3:45,/watch?v=OffgqPzDi7Q
MrBeast,Welcome To My Channel!,87K views,11 years ago,0:28,/watch?v=B_7uD3B62MM
MrBeast,1500,331K views,11 years ago,2:23,/watch?v=bA20RJcegOI
MrBeast,How Much Money Does Yogscast Make????? 2016,61K views,11 years ago,3:46,/watch?v=NbHwVDt9Rjk
MrBeast,How Much Does WhiteBoy7thSt Make????? 2016,339K views,11 years ago,3:27,/watch?v=VzsE09KjpKA
MrBeast,"How Much Does ""Epic Rap Battles"" Make?????",60K views,11 years ago,3:20,/watch?v=HduubRTdko4
MrBeast,How Much Money Does FaZe Make?????,60K views,11 years ago,3:18,/watch?v=qFOGv5zuTdw
MrBeast,"Top Youtube ""ShoutOuts""",60K views,11 years ago,6:05,/watch?v=u6t4jrhs56Q
MrBeast,Youtube Dream,81K views,11 years ago,4:31,/watch?v=460GXJiGCEs
MrBeast,In Dis Video I Play Minecraft. (Factions),62K views,11 years ago,8:49,/watch?v=ZiuoOcj2eLY
MrBeast,Youtube Grind,125K views,11 years ago,3:20,/watch?v=LYK6SPMtJ_Y
MrBeast,Hacker in Ghost???? I Couldn't Kill Him.,60K views,11 years ago,0:36,/watch?v=2ljWxaMvE_0
MrBeast,How Much Money Does Tmartn Make?????,60K views,11 years ago,2:37,/watch?v=rSuuQ_s8gOw
MrBeast,How Much Money Does FaZe Rain Make?????,73K views,11 years ago,3:35,/watch?v=vKKhX-Uyggw
MrBeast,G2g Brb,60K views,11 years ago,3:00,/watch?v=EAwXH82m-6A
MrBeast,Crazy Nub Tub Reactions! Bo2 Fun!,60K views,11 years ago,3:40,/watch?v=U_07AG_CR5A
MrBeast,Fun In COD. - Insane Reactions Lol,60K views,11 years ago,3:49,/watch?v=Xe0AGtF5aNU
MrBeast,Minecraft Build-off Fun!!!!!,78K views,11 years ago,3:33,/watch?v=NCv0drAPm_M
MrBeast,This Kid Should Quit COD....,85K views,11 years ago,1:17,/watch?v=HuLAAXZXIy0
MrBeast,Computer vs Console My Perspective.,115K views,11 years ago,3:26,/watch?v=pV7UcYW1OwA
MrBeast,5 Youtubers I Think Will Be Famous...,244K views,11 years ago,4:24,/watch?v=x4IXCimma-s
MrBeast,How Much Does PewDiePie Make????? 2016,442K views,11 years ago,3:26,/watch?v=anZbhN0Wh_4&pp=0gcJCQMKAYcqIYzv
MrBeast,I Got Really Really Really Bored....,62K views,11 years ago,0:52,/watch?v=3Q3pQmzWyZM
MrBeast,How Much Money Does Penguinz0 Make????? 2016,101K views,11 years ago,2:55,/watch?v=BqS4iVHa-LU
MrBeast,How Much Money Does CaptainSparkles Make????? 2016,824K views,11 years ago,3:03,/watch?v=zX04jQFKCpo
MrBeast,How Much Money Does Tobuscus Make?????,77K views,11 years ago,2:22,/watch?v=G7Y9ban7b0U
MrBeast,COD IS NOT DEAD,84K views,11 years ago,3:22,/watch?v=EMVvA5Cr0fY
MrBeast,Storm,276K views,11 years ago,3:01,/watch?v=e14MroQ5k_s
MrBeast,Hearthstone - All Beards Challenge!,85K views,11 years ago,23:53,/watch?v=CuzdxsOXEZ8
MrBeast,Youtube ad.,566K views,11 years ago,0:38,/watch?v=67Wj-0OyKOM
MrBeast,Impossible,91K views,11 years ago,3:53,/watch?v=LWstCINhd8g
MrBeast,Motivation,99K views,11 years ago,2:54,/watch?v=dg6iqLCPizs
MrBeast,1k Subs,17M views,11 years ago,3:15,/watch?v=cRPldarzw-M&pp=0gcJCQMKAYcqIYzv
MrBeast,Yup I is the best at the game.,300K views,11 years ago,6:57,/watch?v=-rdYtmUejSE
MrBeast,Should I join FaZe?????,943K views,11 years ago,3:30,/watch?v=tusuuI7MEJU
MrBeast,"Youtube Networks Requirerments. (Machinima, TGN, 8byte....)",95K views,11 years ago,4:46,/watch?v=XDe5f8BEvwY
MrBeast,Two Years of Youtube.,491K views,11 years ago,4:31,/watch?v=BtCGABBPH9s
MrBeast,"How Much Money Does ""Element Animation"" Make?????",199K views,11 years ago,3:29,/watch?v=KJ_C_NSl0P8
MrBeast,"How Much Money Does ""Skydoesminecraft"" Make????",82K views,11 years ago,2:47,/watch?v=LI8nWXeYtOs
MrBeast,Should College Athletes Be Paid?????,94K views,11 years ago,4:36,/watch?v=LMe7k8I082w
MrBeast,"""Beast"" Channel Trailer",73K views,11 years ago,2:01,/watch?v=h77pHTSPSiw
MrBeast,What It Takes To Be A Full Time Youtuber...,63K views,11 years ago,4:41,/watch?v=JUiijjJOInw
MrBeast,How Video Games Boosted My SAT Score. Lol,66K views,11 years ago,2:57,/watch?v=gpbY6zCEBv4&pp=0gcJCQMKAYcqIYzv
MrBeast,How Much Money Do I Make?????,161K views,11 years ago,4:10,/watch?v=Kgu2ApayYvI
MrBeast,Update,74K views,11 years ago,4:21,/watch?v=S9PIukDRcvk
MrBeast,Subscribers.,118K views,11 years ago,3:00,/watch?v=lrw3zkGS9Vc
MrBeast,How Much Money Does KyR's Speedy's Crew Make?????,105K views,11 years ago,2:54,/watch?v=IQYW_lVBYGo
MrBeast,How Many Youtubers Are Millionaries?????,525K views,11 years ago,4:04,/watch?v=iOjxpow6jow
MrBeast,"Flappy Bird - Builders Showdown, Which is Better?",124K views,11 years ago,1:25,/watch?v=GdD2pqAdjXY
MrBeast,New COD Zombies In 2014?????,87K views,11 years ago,2:31,/watch?v=nmHCmLVLxcU
MrBeast,Minecraft Mansion Timelapse,630K views,11 years ago,5:02,/watch?v=TZPlDuYrcDQ
MrBeast,Top 5 NON-COPYRIGHTED Songs!!!!!,132K views,11 years ago,3:24,/watch?v=Oub4nMrNTqQ
MrBeast,Vanoss vs Speedy! Which is better?,122K views,11 years ago,3:07,/watch?v=h5Z36IuyrKc
MrBeast,I Hate Pewdiepie!!!!!,3M views,11 years ago,2:06,/watch?v=2IGxSOfsBok
MrBeast,Does Spam Work?????,493K views,11 years ago,4:15,/watch?v=ZxkLCq49Tvk
MrBeast,100th VIDEO SPECIAL!,473K views,11 years ago,4:44,/watch?v=smDPnIdlkhM
MrBeast,The Vortex SMP Episode 1! Just Derping Around and Explaining Things.,144K views,11 years ago,25:19,/watch?v=DjMYkWCEan8
MrBeast,Has Youtube Met Its Match?????,115K views,11 years ago,2:44,/watch?v=3nn_skHgkqI
MrBeast,How Much Money Does Pewdiepie Make????? (Updated 2015),2M views,11 years ago,4:10,/watch?v=A8IkOqb_7Yg
MrBeast,"Battle Pirates, my base.",89K views,11 years ago,2:56,/watch?v=hHl_YMivv3c
MrBeast,"Battle Pirates, Hellstrike Base attack.",78K views,11 years ago,2:52,/watch?v=7mLSbgyjM0g
MrBeast,"Battle Pirates, Unstoppable Ship!",63K views,11 years ago,2:13,/watch?v=TGKkMl17Htg
MrBeast,Best Hellstrike Build???? (Battle Pirates),62K views,11 years ago,1:37,/watch?v=Qw3eFnsSdlQ
MrBeast,"Marauder Builds, Battle Pirates In Depth Builds.",63K views,11 years ago,3:06,/watch?v=KcNCJ1mgt14
MrBeast,"Battle pirates, How To Auto Lvl 40 Salvages.",66K views,11 years ago,1:18,/watch?v=A4lp4FRCo6o
MrBeast,Hellstrikes vs 7 halos!,93K views,11 years ago,1:36,/watch?v=WYKZz3Zygdc
MrBeast,"Battle Pirates, Hellstrike vs Epic Base!",78K views,11 years ago,0:58,/watch?v=5U2fmvh9_Is
MrBeast,"Battle Pirates, Another Hellstrike Fail.",78K views,11 years ago,0:57,/watch?v=xvIpibLjs5k
MrBeast,Battle pirates Hellstrike fail!,78K views,11 years ago,0:47,/watch?v=jlpAON0ePME
MrBeast,"Battle Pirates, lvl 66 vs Missile Cruiser x Fleet!",80K views,11 years ago,1:24,/watch?v=sfp0a6zDoNQ
MrBeast,"Battle Pirates, Hellstrike Too Overpowered????",77K views,11 years ago,2:40,/watch?v=RaDRWNz3Al4
MrBeast,"Battle Pirates, All Sentinel Base.",83K views,11 years ago,1:12,/watch?v=Ms9MGkEm4mg
MrBeast,"Battle pirates, Lvl 58 Mercury Base Attack!",119K views,11 years ago,1:16,/watch?v=90wWStXJX5c
MrBeast,"Battle Pirates, Stingray vs Mercury Epic Battle!",81K views,11 years ago,1:06,/watch?v=ruSVy-u2DzM
MrBeast,OpTiC NaDeShOt Got Hack!!,86K views,11 years ago,2:44,/watch?v=pP1KMQb51GA
MrBeast,"Epic Ghost Multiplayer EasterEggs! (PrisonBreak, Sovereign, and Flooded)",120K views,11 years ago,1:40,/watch?v=dPxAFqs2eYE&pp=0gcJCQMKAYcqIYzv
MrBeast,Why Google Does Not Care What We Think....,475K views,11 years ago,3:00,/watch?v=p-KVD5rA_Cw
MrBeast,My First Kem Strike!,93K views,11 years ago,4:29,/watch?v=JdCgkcb1iwQ
MrBeast,Google+ The Death Of Youtube?????,152K views,11 years ago,2:43,/watch?v=7anhkLPRk-A
MrBeast,How Much Money Does PewDiePie Make?????,886K views,11 years ago,5:32,/watch?v=XVMY7B3AzWM&pp=0gcJCQMKAYcqIYzv
MrBeast,Most Overpowered Guns In Ghost!,127K views,11 years ago,2:40,/watch?v=QXag-irFHxE
MrBeast,Are Minecraft Faction Has A New Pet! (poopymiscquidlepants),114K views,12 years ago,0:15,/watch?v=vBEGODNmdas
MrBeast,Battle Pirates!,118K views,12 years ago,3:35,/watch?v=v3tbnlc5cfo
MrBeast,How To Duplicate Diamonds!!!!,189K views,12 years ago,0:37,/watch?v=ObYLL97-SBA&pp=0gcJCQMKAYcqIYzv
MrBeast,50k Video Views!!!! EpicSauce!,285K views,12 years ago,1:43,/watch?v=IaR7P4-wFK8
MrBeast,If This Video Gets One Million Views.....,13M views,12 years ago,0:46,/watch?v=v1ELS84GQu8
MrBeast,These Were The Good Days....,193K views,12 years ago,0:52,/watch?v=ctJORnOjbrQ
MrBeast,Channel Update.,196K views,12 years ago,2:42,/watch?v=-hrPQFaDVKQ
MrBeast,Funny Noob Tubing Reaction Montage!,138K views,12 years ago,2:29,/watch?v=bIZ5_L1ru2w
MrBeast,"Minecraft, How To Grief Without Being Seen!",361K views,12 years ago,1:03,/watch?v=yyssjJEJMt4
MrBeast,Buried Round 50 Gameplay! Black ops 2 Zombies.,151K views,12 years ago,1:22,/watch?v=2bwPntvb90U&pp=0gcJCQMKAYcqIYzv
MrBeast,Minecraft Let's Play Ep. # 2 - Having Fun and Derping!,198K views,12 years ago,14:58,/watch?v=Wz1VHTZq16c&pp=0gcJCQMKAYcqIYzv
MrBeast,Worlds Biggest Ball Of TNT Minecraft! Challenge Video!,649K views,12 years ago,1:45,/watch?v=Cs-kyTJso-A
MrBeast,"How To Get A Gaming Partnership, And What It Is.",108K views,12 years ago,6:49,/watch?v=jkqd-oc0F00
MrBeast,Camping Montage.... LOL,111K views,12 years ago,3:20,/watch?v=mVkT6Cd9SoI
MrBeast,Black Ops 2! Mini Update Video.,107K views,12 years ago,3:55,/watch?v=rffyxTTNkyk
MrBeast,Randomness,107K views,12 years ago,5:18,/watch?v=OOesLeO6-pc
MrBeast,203 Kill Game! Thanks For 300 Subscribers!,171K views,12 years ago,4:26,/watch?v=Q5lcjP6XlHw
MrBeast,Call of Duty Ghost Multiplier Reveal Trailer Release Date!,129K views,12 years ago,3:50,/watch?v=sE3ZZmYotSs
MrBeast,Insane Black Ops 2 HACKER!!!!,256K views,12 years ago,5:59,/watch?v=pUwUAtmBKxw
MrBeast,Top Subscribed To Channels? BO2 w/ commentary!,132K views,12 years ago,5:39,/watch?v=p5rGgPZtjDw
MrBeast,Career Ender .... LOL,159K views,12 years ago,0:26,/watch?v=bWDmDsdvoBs
MrBeast,I Bought A New Microphone! (quality test),170K views,12 years ago,2:55,/watch?v=OJA1QK-j-Oo
MrBeast,Top 10 Worst Guns in Call Of Duty History!,216K views,12 years ago,4:19,/watch?v=KL1X8NsVGd0
MrBeast,Black ops 2 Patch news!,151K views,12 years ago,3:53,/watch?v=q2HoSwCMcZw
MrBeast,Black ops 2 Invisible equipment and scorestreak glitch!,186K views,12 years ago,2:27,/watch?v=RRknlgRqOds&pp=0gcJCQMKAYcqIYzv
MrBeast,I'm Back! Update Video....,204K views,12 years ago,3:24,/watch?v=j93M46a-W3U
MrBeast,Minecraft Let's Play! Ep. 1. The Beginning!,717K views,12 years ago,18:27,/watch?v=uqjfMNEWNIg
MrBeast,Channel Trailer....,286K views,12 years ago,0:49,/watch?v=X-g9aT2wFjM
MrBeast,Black ops 2 Shotgun gameplay w/ commentary.... Ps4 or Xbox?,263K views,12 years ago,6:02,/watch?v=pHKlrJeKmjA
MrBeast,Black ops 2 Gameplay w/ commentary. Hipsters,374K views,12 years ago,4:21,/watch?v=C82suucz4i4
MrBeast,Project Zomboid Let's Play ep [04] lots of stuff,154K views,12 years ago,15:45,/watch?v=H_DYlka7QAQ&pp=0gcJCQMKAYcqIYzv
MrBeast,Project Zomboid Let's Play ep. [03] Looting and storing.,148K views,12 years ago,24:34,/watch?v=ov0KQthQ50U
MrBeast,Project Zomboid let's play ep. [02] Just some chores.,148K views,12 years ago,14:20,/watch?v=MC-7ziNt_U4
MrBeast,Project Zomboid Lets Play ep [01] Roughing it out!,260K views,12 years ago,19:54,/watch?v=PNsF1Uh5yP8&pp=0gcJCQMKAYcqIYzv
MrBeast,Gunpowder plus mod! (Grenade mod) Epic explosions for minecraft.,231K views,12 years ago,2:38,/watch?v=9Y2sAtN5yRs
MrBeast,Horse racing map for new update! (minecraft),223K views,12 years ago,1:28,/watch?v=-z349CGAOXs&pp=0gcJCQMKAYcqIYzv
MrBeast,Amazing minecraft Cathedral!,441K views,12 years ago,0:58,/watch?v=pl4xmh3RWfE
MrBeast,Huge WW2 jeep! Minecraft creations.,632K views,12 years ago,1:04,/watch?v=6z5RwrvnH28
MrBeast,Story time!,641K views,12 years ago,3:13,/watch?v=ivdQqobHDPc
MrBeast,Epic Minecraft city! (w/ download link!),393K views,12 years ago,2:34,/watch?v=uUIlb2rpIuY
MrBeast,Pokemon online battle #9 [rb] Hidden power ice ftw!,203K views,12 years ago,5:19,/watch?v=Ros1PpcO5Js
MrBeast,Pokemon online battle #8 Stone edge,197K views,12 years ago,5:27,/watch?v=KYv1nqutbK0
MrBeast,Online pokemon battle #7 [uu] 5-0,251K views,12 years ago,4:21,/watch?v=7Yi-ctyTNU4
MrBeast,Magic karp sweeps whole team of LEGENDARIES!!!,206K views,12 years ago,3:35,/watch?v=VN2-3OfUzd8
MrBeast,Pokemon online battles #5 [uu] Heracross never seems to dissapoint me...,204K views,12 years ago,4:28,/watch?v=-2IFrMOM36w
MrBeast,This is a detailed break down of my favorite UU team... ENJOY!,219K views,12 years ago,9:24,/watch?v=7dIFHQkrASM
MrBeast,Pokemon online battle #4 [uu] Same old team,260K views,12 years ago,4:39,/watch?v=QicO1Gd0kvU
MrBeast,Online pokemon battle #3 [uu] Ice punch,217K views,12 years ago,3:25,/watch?v=yFfcsmK2TOA
MrBeast,Pokemon online battle #2 [uu] Herracross w/ Dat MOXIE BOOST,318K views,12 years ago,2:49,/watch?v=Jl0-6tbNGBo
MrBeast,Why I Haven't Been Uploading,865K views,12 years ago,6:03,/watch?v=IAbX0FwX-GY&pp=0gcJCQMKAYcqIYzv
MrBeast,Most Epic Thing In Minecraft!?!?!?!?!?!!?????,458K views,12 years ago,4:33,/watch?v=XKSJRulqDNA&pp=0gcJCQMKAYcqIYzv
MrBeast,Epic minecraft apartment complex!,579K views,12 years ago,0:53,/watch?v=jysfHFHNjYQ
MrBeast,Crazy Illulsions In Minecraft. (Bigre),726K views,12 years ago,2:35,/watch?v=Yox25V8Qsm4
MrBeast,Best Minecraft Castle Ever?,423K views,12 years ago,3:42,/watch?v=clcN3OA8SNw
MrBeast,How to get unlimited diamonds! minecraft (x-ray),614K views,12 years ago,2:14,/watch?v=m3lTwO0aNyw
MrBeast,Drinks in minecraft (mod),596K views,12 years ago,0:43,/watch?v=gchqnwXlxJw&pp=0gcJCQMKAYcqIYzv
MrBeast,Emerald tool mod! (minecraft),576K views,12 years ago,0:49,/watch?v=atCPtw4dg7g
MrBeast,This is a block? Since when lol.,901K views,12 years ago,0:52,/watch?v=t8aM4HuVLrQ
MrBeast,Scary minecraft pig skin!,1.1M views,12 years ago,0:29,/watch?v=M82VAcabSiA&pp=0gcJCQMKAYcqIYzv
MrBeast,Most Epic minecraft skin EVER (Psy),1.2M views,12 years ago,0:31,/watch?v=7qj3nuF9Dzw
MrBeast,More birds IN MINECRAFT!!,1.4M views,12 years ago,2:06,/watch?v=Y74b7WlcEpk
MrBeast,Boxy item mod Minecraft. EPIC,1.6M views,12 years ago,1:30,/watch?v=Z8nEEdXTaX0
MrBeast,Harry Potter Mod In Minecraft! EPIC MUST SEE MOD!!!,6.3M views,13 years ago,3:59,/watch?v=jP82d277Cc8
MrBeast,Worst Minecraft Saw Trap Ever???,32M views,13 years ago,2:37,/watch?v=2XVcLrB7B3Y
